time;x1;y1;x2;y2
0.000000;236;177;230;193
0.035149;235;182;230;193
0.068738;235;183;230;193
0.101255;235;182;230;193
0.135411;235;182;230;193
0.167701;235;181;230;193
0.198074;236;181;230;193
0.234383;235;182;230;193
0.266094;235;182;230;193
0.299495;235;182;230;193
0.333895;235;182;230;193
0.366164;236;181;230;193
0.399255;236;181;230;193
0.432860;236;181;230;193
0.475969;236;181;230;193
0.483142;236;181;230;193
0.532435;236;180;230;193
0.564248;235;182;230;193
0.600640;235;181;230;194
0.646027;235;181;230;194
0.669472;235;182;230;194
0.696433;235;181;230;194
0.732587;235;181;230;194
0.763797;235;181;229;194
0.797500;235;181;229;194
0.832727;235;181;229;194
0.864444;235;181;229;194
0.896140;235;181;229;194
0.931869;235;181;229;194
0.964001;235;181;229;194
0.995794;235;181;229;194
1.031935;235;181;230;195
1.063835;235;182;230;195
1.096130;236;181;230;195
1.132201;236;181;230;195
1.164346;236;181;231;195
1.196213;236;181;231;195
1.237273;236;181;231;194
1.237736;236;181;230;195
1.297808;236;181;230;194
1.330048;236;180;230;194
1.369295;236;180;230;194
1.408073;236;180;230;194
1.441210;236;180;231;194
1.460862;237;179;231;194
1.496865;237;182;233;194
1.529177;238;183;234;193
1.565370;238;192;236;192
1.596644;239;191;238;191
1.628827;241;190;244;191
1.664692;256;179;249;191
1.695953;258;178;254;190
1.727904;261;178;258;189
1.765552;260;187;262;188
1.796304;263;186;264;187
1.828181;266;186;266;187
1.859944;267;186;268;187
1.896077;269;186;269;186
1.928080;269;186;270;186
1.959823;270;186;270;186
1.995930;269;186;270;186
2.027976;269;186;269;186
2.059915;268;186;268;187
2.095796;266;187;267;187
2.128135;264;187;266;187
2.159772;263;187;264;188
2.195884;261;187;263;189
2.227781;261;187;262;189
2.260711;260;188;261;190
2.297392;259;188;259;190
2.331025;261;178;258;190
2.363033;261;178;257;191
2.392602;260;179;256;191
2.428406;260;179;255;191
2.460315;259;179;255;191
2.492130;259;179;255;192
2.527951;259;179;254;191
2.559919;259;179;254;191
2.592704;258;179;254;192
2.628196;258;179;253;192
2.659869;258;179;253;192
2.692077;258;179;252;191
2.728231;258;179;252;191
2.760148;257;179;252;191
2.791896;257;178;251;189
2.828480;256;176;249;187
2.859904;255;175;248;185
2.892127;254;175;246;184
2.929022;241;185;244;185
2.960854;240;185;242;185
2.993068;240;186;240;186
3.023992;241;180;238;186
3.060506;240;180;237;186
3.091946;240;179;236;187
3.124098;240;179;234;188
3.159873;239;179;233;189
3.192283;238;179;232;189
3.223750;237;178;231;190
3.260175;236;179;231;190
3.291750;235;179;230;190
3.324515;234;179;229;191
3.360481;234;179;228;192
3.391884;233;179;228;185
3.424043;234;175;228;185
3.460189;233;175;228;185
3.493130;233;176;228;185
3.526181;232;176;228;185
3.558998;232;176;227;185
3.594963;232;176;227;185
3.627802;232;176;227;186
3.656729;231;177;227;186
3.692076;231;177;227;186
3.723995;231;177;227;186
3.755901;231;177;227;186
3.792155;231;178;227;186
3.824318;231;178;227;186
3.856213;231;178;226;186
3.891994;231;178;226;186
3.925050;231;179;226;186
3.957812;231;180;227;186
3.992459;231;180;227;186
4.026657;232;179;226;195
4.056524;232;180;226;195
4.088798;233;180;227;195
4.123981;233;180;227;195
4.155931;234;180;228;195
4.187865;234;180;228;194
4.223808;235;180;229;194
4.256643;235;179;230;194
4.287830;235;180;230;194
4.323843;236;180;231;194
4.356328;236;181;231;194
4.388405;236;181;231;193
4.423964;236;181;231;193
4.457328;236;181;232;193
4.488256;236;183;232;193
4.524608;236;182;232;193
4.556338;236;181;232;193
4.589114;236;181;231;193
4.623933;236;180;231;193
4.657387;236;180;231;193
4.688353;236;181;231;193
4.720589;236;180;231;193
4.756122;236;180;230;193
4.788569;236;180;230;193
4.819786;235;181;230;193
4.855878;235;181;230;193
4.892285;235;181;230;193
4.920324;236;180;230;193
4.955945;235;182;231;193
4.988045;236;180;231;193
5.020686;236;181;231;193
5.055875;236;181;231;193
5.089245;236;181;231;193
5.120772;236;181;231;193
5.157995;236;182;231;193
5.188943;236;183;231;193
5.224989;236;183;232;193
5.253730;236;183;232;193
5.288001;236;183;232;193
5.319780;236;183;232;193
5.351962;236;183;232;193
5.387818;236;183;232;193
5.420931;236;183;232;193
5.451895;236;183;232;193
5.487803;236;183;232;193
5.520490;236;183;232;193
5.552104;236;183;232;193
5.587838;236;183;232;193
5.620014;236;183;232;193
5.652454;235;183;231;193
5.692159;235;183;231;193
5.722916;236;179;231;193
5.752258;236;179;231;194
5.783992;236;179;231;194
5.821089;235;179;231;194
5.854185;235;179;231;194
5.885540;235;178;230;193
5.921604;235;178;230;194
5.952503;235;178;230;194
5.984849;234;178;229;194
6.020220;234;178;229;194
6.052140;233;177;228;194
6.085172;232;178;227;194
6.121287;232;176;227;194
6.152462;231;177;226;194
6.185107;230;177;226;195
6.219945;229;177;225;195
6.252115;229;177;225;187
6.284102;228;178;225;187
6.319924;228;178;224;187
6.352043;228;178;224;188
6.384415;228;178;225;187
6.416315;229;178;225;188
6.452017;230;177;226;187
6.485929;231;177;226;187
6.516433;231;177;227;187
6.551858;232;177;227;187
6.583920;232;177;227;187
6.616453;233;177;228;187
6.651884;233;177;228;187
6.684027;234;177;228;188
6.715910;234;177;228;189
6.752041;235;177;229;193
6.783892;235;178;230;193
6.816025;236;178;230;192
6.851960;237;177;231;192
6.884366;237;177;231;191
6.915849;237;183;232;191
6.947778;238;184;233;191
6.983924;239;183;234;191
7.016131;239;183;235;191
7.047906;240;184;236;191
7.084708;240;185;236;191
7.116881;240;185;237;191
7.148665;240;185;237;191
7.184290;241;185;238;191
7.217686;241;185;239;191
7.248371;241;185;240;191
7.284726;241;185;240;191
7.315947;241;185;241;191
7.348634;240;191;241;191
7.385076;240;191;242;191
7.415834;240;191;242;191
7.447877;240;191;242;191
7.479886;241;191;243;192
7.516151;241;191;243;192
7.547898;241;191;243;192
7.579796;241;191;244;192
7.615874;241;191;244;192
7.648410;241;191;243;192
7.679843;241;191;243;193
7.716055;240;191;243;193
7.747798;240;192;242;192
7.780064;240;192;240;192
7.816014;239;191;238;191
7.848058;239;191;238;191
7.880060;239;191;238;191
7.917286;239;191;238;191
7.949167;239;191;238;191
7.980178;239;191;238;191
8.015892;239;192;238;192
8.047798;239;192;238;192
8.080598;239;191;238;192
8.112017;239;192;238;192
8.147939;239;192;237;191
8.179868;239;192;237;191
8.212059;239;192;237;192
8.247862;238;192;237;192
8.280143;238;192;237;192
8.312556;238;192;237;192
8.348557;238;192;237;192
8.379855;238;192;236;192
8.411860;238;192;236;192
8.447861;238;192;236;192
8.480053;238;192;236;192
8.511819;238;192;236;192
8.548042;238;192;236;192
8.579838;238;192;236;192
8.611866;238;192;236;192
8.643883;238;192;236;192
8.680093;238;192;236;192
8.712203;238;192;236;192
8.744387;238;192;236;192
8.781131;238;192;236;192
8.811830;238;192;236;192
8.844008;238;192;236;192
8.879879;238;192;236;192
8.911963;238;192;236;192
8.943950;238;192;236;192
8.979795;238;192;236;192
9.011985;238;192;236;192
9.043977;238;192;236;192
9.079959;238;192;236;192
9.111853;238;192;236;192
9.144094;240;185;236;192
9.175984;240;185;236;192
9.212472;240;185;236;192
9.244140;240;185;236;192
9.276013;240;185;236;192
9.312814;240;185;236;192
9.343793;240;185;236;192
9.376382;240;185;236;192
9.412792;240;185;236;192
9.445756;241;184;237;192
9.477678;242;183;234;256
9.514723;243;182;234;254
9.546014;242;180;238;183
9.577780;253;161;237;182
9.611861;246;167;242;171
9.644190;244;168;239;173
9.675868;242;169;237;173
9.711904;242;168;237;172
9.743852;243;167;237;171
9.776133;241;168;237;169
9.807865;240;167;236;167
9.844074;238;167;235;166
9.875920;235;167;232;166
9.908004;216;247;230;165
9.943834;212;249;227;166
9.975856;208;251;223;167
10.007867;221;164;219;168
10.043818;217;165;214;170
10.075827;218;143;209;171
10.107870;214;144;205;172
10.144144;210;145;200;175
10.175996;206;147;196;176
10.208265;202;149;192;176
10.243873;197;151;188;177
10.276016;192;155;184;178
10.307884;188;157;180;180
10.340040;184;158;177;180
10.375836;180;160;174;180
10.407846;176;162;170;181
10.439872;173;163;167;183
10.476106;170;165;164;184
10.507861;168;166;163;184
10.540031;167;166;161;188
10.575819;166;167;160;187
10.608256;164;168;159;187
10.639814;164;168;159;187
10.675794;164;168;159;188
10.707928;164;168;159;188
10.739822;164;169;160;188
10.776138;165;168;160;187
10.807896;166;167;161;187
10.839884;169;164;163;187
10.871848;168;172;164;185
10.908118;168;176;165;184
10.939802;168;178;166;180
10.971979;170;177;165;188
11.007812;166;184;166;185
11.040034;167;184;165;186
11.071997;167;185;165;187
11.108097;171;180;166;187
11.139835;167;186;166;187
11.172071;167;186;166;187
11.207873;167;186;166;186
11.240148;167;186;166;186
11.271947;168;183;166;185
11.307925;167;183;166;184
11.339828;166;183;165;184
11.372048;166;182;164;183
11.407980;165;182;164;181
11.440597;164;181;163;181
11.471987;168;176;163;180
11.503995;164;181;163;180
11.540209;169;175;164;179
11.571811;167;178;166;178
11.603874;170;177;169;177
11.639902;173;176;171;176
11.671844;177;175;174;177
11.703848;180;175;176;179
11.740776;184;173;179;184
11.771862;187;172;183;182
11.804403;191;170;186;181
11.840532;195;170;191;176
11.872785;200;170;194;183
11.904229;205;167;200;174
11.940353;210;164;206;168
11.971979;212;169;210;169
12.005105;215;171;211;183
12.036704;218;173;215;183
12.071977;221;172;228;358
12.104819;225;171;222;180
12.136187;229;170;225;180
12.172279;232;170;227;180
12.203854;234;169;228;180
12.236105;235;169;229;180
12.271778;236;169;230;183
12.303864;237;170;230;185
12.335821;237;169;230;185
12.372490;237;170;230;186
12.404128;237;169;230;186
12.435840;236;171;230;185
12.471846;236;170;229;184
12.503828;235;170;230;180
12.535775;234;170;229;180
12.567851;233;171;229;180
12.603870;232;171;228;180
12.636259;231;171;227;180
12.668017;230;171;227;180
12.704558;229;172;226;180
12.736340;229;171;225;179
12.768042;228;171;233;354
12.803854;227;172;233;354
12.835935;227;171;232;354
12.867877;227;171;232;354
12.903833;226;171;232;354
12.936517;226;171;232;354
12.967983;226;171;232;354
13.004317;226;171;232;354
13.036138;226;171;232;354
13.067971;225;171;232;354
13.104047;225;171;232;354
13.135799;225;171;222;180
13.168047;225;171;222;179
13.200003;224;171;222;179
13.236093;224;171;222;179
13.267885;224;171;222;179
13.300040;224;171;221;180
13.335967;224;171;221;180
13.368173;224;171;224;169
13.399927;224;171;224;169
13.436218;224;171;224;169
13.467939;224;171;224;169
13.500011;224;171;224;169
13.535832;224;171;232;354
13.568178;224;171;231;354
13.599810;224;170;231;355
13.636035;223;171;231;355
13.667907;223;171;230;356
13.699939;222;171;230;356
13.731825;221;172;229;357
13.768052;221;172;229;358
13.799844;221;171;228;358
13.832717;220;172;227;359
13.868171;221;171;227;359
13.900274;223;166;226;360
13.932931;223;166;226;360
13.967982;222;167;225;361
13.999840;222;166;219;169
14.031960;222;166;219;169
14.067966;222;166;219;168
14.099831;222;166;219;168
14.133233;222;166;219;168
14.169051;222;166;219;168
14.202148;221;166;218;169
14.232541;221;166;218;169
14.264931;221;167;218;169
14.301856;221;167;218;169
14.331820;221;167;218;169
14.364033;221;167;218;169
14.400012;221;167;218;169
14.431997;221;167;218;170
14.463866;220;168;218;170
14.500010;221;167;218;171
14.532394;220;168;219;169
14.564964;220;169;219;169
14.600009;220;169;219;170
14.631971;220;169;219;170
14.663822;219;169;219;170
14.699827;219;169;219;170
14.732033;219;169;219;170
14.764101;219;170;219;170
14.799852;219;170;219;170
14.831986;219;169;219;170
14.863879;219;167;218;171
14.895807;221;157;217;172
14.931824;220;158;216;173
14.964148;220;154;215;173
14.995880;220;154;214;172
15.031826;219;155;214;172
15.063895;219;155;213;172
15.096066;218;155;212;172
15.131764;218;155;212;172
15.163881;218;154;212;172
15.196027;217;155;212;172
15.232087;217;154;211;172
15.263990;217;154;211;172
15.295950;217;154;211;172
15.332115;216;154;211;172
15.363814;216;154;211;172
15.395875;216;154;211;172
15.428036;217;153;211;171
15.463848;217;153;211;172
15.496489;218;153;212;171
15.527980;218;153;212;172
15.563998;218;153;212;173
15.597420;219;153;213;173
15.627963;219;153;213;173
15.663867;219;153;213;172
15.696348;219;153;213;172
15.727885;219;153;213;173
15.763980;219;154;213;173
15.795945;219;154;213;173
15.828125;219;154;213;173
15.863968;219;153;213;173
15.896074;219;154;213;173
15.927983;219;153;212;173
15.963048;219;153;212;174
15.995974;219;153;212;173
16.027949;218;153;212;174
16.060005;218;153;211;174
16.096034;218;153;211;174
16.128822;218;154;211;174
16.160958;218;154;211;174
16.196825;218;154;211;174
16.228169;218;154;211;175
16.259987;218;154;211;175
16.296713;218;155;211;175
16.328603;218;155;211;175
16.359972;218;155;211;175
16.396068;218;155;211;175
16.428724;217;156;212;175
16.461335;217;156;212;175
16.502398;217;156;212;175
16.532816;217;156;212;174
16.563019;216;159;212;174
16.592235;217;159;212;174
16.630032;217;158;212;174
16.660032;214;171;213;172
16.691852;215;170;214;171
16.728388;216;169;216;170
16.760270;217;168;217;168
16.793639;218;167;218;167
16.827932;219;167;219;166
16.860188;220;165;220;165
16.891948;220;166;221;165
16.928443;220;165;221;165
16.959924;220;165;221;165
16.992148;220;165;221;165
17.028074;219;166;220;166
17.060062;221;165;219;168
17.091908;220;165;218;169
17.124074;215;172;215;170
17.160217;212;173;212;171
17.192054;214;167;211;170
17.224036;211;170;209;171
17.260101;208;170;206;172
17.292045;204;171;204;171
17.323943;202;173;201;173
17.360051;201;174;188;365
17.391957;199;174;185;365
17.424060;198;172;182;365
17.460123;198;171;174;393
17.492801;197;171;172;394
17.524722;196;171;172;393
17.560042;191;176;171;394
17.592281;191;176;171;394
17.624129;189;177;170;395
17.656210;188;178;169;396
17.692683;187;178;168;396
17.726585;187;177;167;396
17.757030;185;177;166;395
17.792718;187;176;165;395
17.823939;187;175;165;394
17.856093;186;176;164;394
17.891891;187;174;164;394
17.923970;187;174;163;394
17.956217;186;174;163;394
17.992728;186;174;163;394
18.024278;186;174;163;394
18.055986;185;176;163;394
18.092354;185;176;162;395
18.124220;185;176;162;395
18.155908;185;176;162;395
18.192008;187;174;185;173
18.223976;185;177;185;173
18.256143;186;176;185;174
18.287996;185;177;185;174
18.324864;185;177;184;175
18.355890;183;179;183;176
18.387964;183;180;183;177
18.423866;182;181;182;178
18.456096;181;182;181;179
18.488172;181;182;181;179
18.525241;180;182;180;179
18.556305;180;182;180;179
18.588096;180;182;180;179
18.624308;180;182;180;179
18.657244;181;181;180;178
18.688786;181;181;181;178
18.726943;182;180;181;177
18.757204;182;180;182;177
18.789110;182;180;182;177
18.821500;182;180;182;177
18.858020;183;179;182;177
18.888014;183;180;182;177
18.920362;183;180;183;177
18.957642;184;179;184;177
18.987979;185;179;184;177
19.020008;186;180;185;178
19.056010;188;179;187;178
19.088230;191;179;190;179
19.120015;203;153;192;182
19.156064;205;152;193;183
19.188092;207;151;196;177
19.219966;209;150;196;179
19.255971;211;151;196;179
19.288198;213;151;195;178
19.320393;201;167;196;177
19.351981;202;167;196;178
19.387933;204;167;196;180
19.420136;205;167;197;179
19.451957;200;177;197;180
19.488049;201;177;198;180
19.519997;201;177;198;180
19.552044;202;177;199;179
19.588565;203;176;199;179
19.620153;203;176;199;180
19.652096;203;176;199;180
19.688088;203;176;200;179
19.719965;203;177;200;179
19.752905;203;177;200;179
19.787911;203;177;200;179
19.819966;203;177;200;179
19.853778;203;177;200;179
19.888187;203;176;200;179
19.919965;203;176;200;179
19.952145;203;176;200;179
19.985141;203;176;200;179
20.021919;204;176;201;178
20.055070;204;176;201;178
20.088266;204;176;201;178
20.121386;204;176;201;178
20.158143;204;176;201;178
20.184409;205;175;201;178
20.219948;205;175;201;179
20.251988;205;176;202;178
20.284018;205;176;202;178
20.320627;205;176;202;178
20.352045;205;176;202;178
20.384035;205;176;202;178
20.420226;205;176;202;178
20.452031;205;176;202;178
20.484163;205;176;201;180
20.515964;204;177;201;180
20.552654;204;177;201;179
20.584007;204;177;201;179
20.616000;204;177;201;179
20.652002;204;177;201;179
20.684048;204;177;201;179
20.715965;204;176;201;179
20.752506;204;177;201;179
20.783948;204;177;201;179
20.815887;204;177;201;179
20.851878;205;176;202;178
20.884016;205;176;202;178
20.915907;205;176;202;178
20.952105;205;176;202;178
20.983948;206;175;203;177
21.016632;206;176;203;177
21.047932;206;176;203;177
21.084550;206;176;203;178
21.117010;206;176;203;178
21.148054;207;175;204;176
21.185404;207;175;204;177
21.216300;207;175;204;177
21.249331;207;175;204;177
21.285882;207;176;204;177
21.316075;208;174;204;177
21.347890;208;174;204;177
21.383908;208;174;204;177
21.415910;208;174;204;177
21.448007;207;175;204;177
21.483987;207;175;204;177
21.515973;207;175;203;178
21.547991;206;175;203;178
21.583946;205;176;202;179
21.615944;205;176;202;179
21.648017;205;176;201;180
21.680402;205;176;201;179
21.715948;204;176;201;180
21.748424;204;176;200;181
21.781059;203;177;200;180
21.815887;203;177;200;180
21.847994;203;177;200;180
21.880068;203;177;200;180
21.915916;203;177;200;180
21.947932;203;177;200;180
21.979933;203;177;200;180
22.016564;203;177;200;180
22.048789;203;177;200;180
22.080131;203;177;200;180
22.115990;203;177;201;179
22.148609;204;176;201;179
22.179828;204;177;201;179
22.211955;204;177;201;180
22.247912;205;176;202;178
22.280816;206;176;202;179
22.311890;206;176;203;178
22.348736;206;176;203;178
22.381661;207;175;203;178
22.414973;207;175;204;177
22.449616;207;176;204;178
22.485938;207;176;204;178
22.513368;208;174;204;178
22.549594;207;176;204;178
22.579967;207;176;204;178
22.611953;208;174;204;178
22.648003;208;174;204;178
22.680072;208;174;204;178
22.711937;208;174;204;178
22.744159;208;174;204;177
22.779972;207;176;204;178
22.812241;207;176;204;178
22.843988;209;174;205;177
22.880011;209;174;205;177
22.912485;210;174;206;175
22.943944;212;172;207;175
22.979994;212;172;208;175
23.011927;212;174;209;175
23.044095;212;175;209;175
23.080378;212;176;210;175
23.113063;213;175;211;175
23.143999;214;174;212;174
23.181640;215;173;212;175
23.195962;212;176;210;175
23.244894;216;173;213;175
23.276817;217;172;213;176
23.313004;217;172;214;175
23.344969;217;172;213;177
23.377020;217;172;213;177
23.412919;218;172;214;176
23.444904;218;172;214;177
23.476818;218;172;214;177
23.508863;219;172;215;176
23.544787;219;172;215;177
23.576946;220;172;216;176
23.609057;219;175;217;176
23.646206;219;176;218;176
23.677324;219;176;218;176
23.709807;219;177;219;176
23.745478;219;178;219;176
23.776944;219;178;219;177
23.809299;219;178;219;176
23.845123;219;178;219;177
23.876809;219;178;220;176
23.909420;219;178;219;177
23.944828;219;178;219;177
23.976771;219;178;219;177
24.009129;219;178;219;176
24.040997;219;178;218;177
24.077340;219;177;218;177
24.108808;218;178;218;177
24.140882;218;178;218;177
24.176914;218;178;218;177
24.208930;218;179;217;178
24.240938;218;178;217;177
24.276830;218;178;217;177
24.308854;218;177;216;178
24.340867;218;177;216;178
24.377155;217;177;215;178
24.409033;217;177;215;178
24.440914;216;177;214;177
24.476870;216;176;213;178
24.509055;216;175;213;177
24.541020;216;174;212;178
24.577165;215;175;212;177
24.608880;215;174;212;177
24.640820;215;174;212;177
24.672836;215;174;212;177
24.709040;215;174;212;177
24.740918;216;173;212;177
24.773210;216;172;213;177
24.810399;218;167;213;177
24.842189;217;170;213;177
24.874503;216;171;213;177
24.910143;218;165;213;178
24.941059;217;165;214;178
24.973173;217;165;213;178
25.009213;217;164;213;178
25.040924;216;163;212;178
25.073384;219;157;211;179
25.109721;218;157;210;178
25.140972;216;157;209;178
25.173053;215;157;208;177
25.204861;213;158;207;177
25.240919;213;157;206;177
25.272939;212;157;205;177
25.304900;212;154;204;177
25.340876;212;154;203;177
25.373025;212;153;203;177
25.405302;212;153;202;177
25.441020;212;153;202;177
25.472874;212;153;202;177
25.504995;212;153;202;177
25.540854;212;153;202;177
25.572778;212;153;202;178
25.606067;212;153;202;178
25.641027;213;153;202;178
25.672919;212;154;202;179
25.704828;212;154;202;178
25.736959;212;154;202;178
25.772805;212;154;202;178
25.805716;211;155;200;185
25.837914;211;155;199;185
25.872895;210;155;197;186
25.904894;208;156;195;187
25.936862;207;157;194;187
25.972880;205;157;192;188
26.005070;204;158;191;188
26.037142;203;158;191;188
26.075496;202;159;191;188
26.106606;202;159;190;189
26.136927;201;159;190;189
26.172916;200;160;189;189
26.205037;199;160;189;190
26.237003;199;160;189;190
26.272899;198;161;188;191
26.304900;198;161;188;191
26.336814;198;161;188;191
26.368832;198;161;188;191
26.405232;198;161;188;191
26.437199;198;161;188;191
26.468789;199;161;189;191
26.504851;199;161;189;191
26.536808;200;161;189;191
26.570120;200;160;190;191
26.604835;201;161;190;191
26.636867;201;160;189;191
26.668961;202;160;189;191
26.704832;202;160;190;191
26.736923;202;160;190;191
26.768838;203;160;190;190
26.805072;203;159;190;190
26.836802;203;159;192;190
26.868884;204;159;192;189
26.900857;204;159;192;189
26.936805;204;159;192;189
26.968927;204;159;193;188
27.001034;205;158;193;188
27.036993;206;157;194;187
27.069560;207;156;194;186
27.101234;208;155;195;185
27.137032;208;155;196;185
27.169285;209;155;197;185
27.201353;210;155;197;184
27.237024;210;155;198;184
27.269098;210;155;198;184
27.301015;211;155;198;184
27.337431;211;154;198;184
27.368990;211;154;199;184
27.400922;211;154;199;183
27.433020;211;154;199;183
27.468849;211;154;200;183
27.501176;211;154;200;183
27.532825;212;154;200;183
27.568955;212;154;200;183
27.600827;212;154;201;183
27.633014;212;153;201;183
27.668901;212;154;201;183
27.701004;212;153;202;182
27.732861;212;153;202;182
27.769172;212;153;203;182
27.801186;213;152;203;182
27.833094;213;152;203;182
27.868880;213;152;204;181
27.900938;213;152;204;181
27.932829;213;154;204;181
27.969010;213;154;204;181
28.000987;213;154;204;181
28.033697;213;155;205;181
28.067900;214;154;206;180
28.100890;214;155;206;181
28.141886;215;155;206;181
28.165181;215;154;206;181
28.201425;215;153;206;181
28.232933;211;170;207;181
28.265035;211;170;207;181
28.301241;211;170;207;181
28.335307;212;170;208;181
28.371907;213;170;208;181
28.402984;213;170;209;182
28.437293;214;170;209;182
28.467666;214;171;211;180
28.503071;215;171;211;179
28.534607;215;171;212;178
28.566301;216;171;212;178
28.597437;216;171;213;177
28.632997;217;170;214;175
28.665057;218;169;215;176
28.697177;219;169;216;175
28.732838;219;170;218;173
28.765211;219;170;218;411
28.797044;220;170;218;411
28.833610;220;170;217;411
28.864855;219;172;216;411
28.897350;220;170;216;410
28.933869;222;169;224;167
28.967663;224;168;225;166
29.001078;226;166;227;165
29.033653;229;165;228;164
29.065653;231;163;229;162
29.096827;233;162;230;161
29.130662;233;161;231;161
29.165059;234;161;231;161
29.198110;234;161;231;161
29.229033;234;161;231;161
29.265400;234;161;231;161
29.297302;234;161;231;161
29.329207;234;161;231;162
29.364887;234;162;231;162
29.397095;233;162;230;162
29.429280;232;162;230;162
29.464864;231;163;229;162
29.496892;230;163;228;162
29.529195;229;163;227;162
29.566656;228;163;226;162
29.599792;222;164;225;162
29.629002;221;164;224;162
29.665407;220;164;222;162
29.697356;220;164;221;162
29.728905;220;164;220;162
29.761514;219;164;219;162
29.797113;218;164;217;163
29.829892;218;164;216;163
29.863407;217;164;209;382
29.899847;216;165;209;381
29.931236;216;164;208;381
29.960917;216;165;207;380
29.996889;216;165;207;380
30.029308;216;165;206;380
30.061389;216;165;205;381
30.097606;216;165;204;381
30.129121;216;165;204;381
30.161014;216;165;204;381
30.196929;216;165;214;163
30.229407;216;165;214;163
30.261069;216;165;214;164
30.293306;216;165;214;164
30.329160;216;166;215;164
30.361822;217;166;215;164
30.393086;217;166;215;165
30.428878;216;167;215;166
30.462340;216;167;215;166
30.492855;216;168;215;167
30.529048;215;169;214;168
30.560832;217;166;214;168
30.593117;215;167;213;169
30.628826;215;167;211;171
30.661354;213;168;210;171
30.692872;212;169;209;172
30.729907;211;169;208;173
30.762754;211;164;207;174
30.798667;210;164;205;175
30.827243;213;148;204;176
30.862166;214;148;202;177
30.893510;214;148;201;178
30.925754;213;149;200;179
30.960813;213;149;200;178
30.993375;212;149;199;179
31.025146;212;149;198;180
31.060881;212;149;198;180
31.093099;211;150;198;180
31.125480;211;149;197;180
31.160867;211;149;197;180
31.193100;210;150;197;180
31.224892;210;150;197;180
31.261047;210;150;196;181
31.293700;210;150;196;181
31.326390;210;150;196;180
31.361390;210;149;196;180
31.393059;210;149;196;180
31.425371;210;149;196;180
31.456975;210;148;196;180
31.493164;210;148;197;179
31.524861;211;148;197;179
31.556921;211;148;197;178
31.592947;211;147;207;396
31.624840;211;147;207;396
31.657062;211;147;207;396
31.692869;212;146;207;395
31.725265;212;146;207;394
31.756918;212;145;207;394
31.793132;212;145;207;394
31.824841;213;144;208;393
31.857044;213;144;208;393
31.893739;204;166;208;392
31.925968;205;166;208;392
31.956927;206;165;208;392
31.989404;206;165;208;392
32.025894;206;165;209;391
32.056952;207;164;209;391
32.089297;208;164;210;391
32.124795;208;164;210;390
32.157028;209;164;210;390
32.188806;209;164;210;389
32.224890;210;163;210;389
32.256829;210;163;210;389
32.288940;210;164;206;171
32.324966;210;164;206;172
32.357164;210;164;209;389
32.389199;209;164;205;172
32.425116;209;164;210;389
32.457104;209;164;210;390
32.488863;209;164;210;391
32.521488;208;165;210;391
32.556876;208;164;211;391
32.588873;208;164;211;391
32.620788;208;164;212;391
32.657251;208;164;211;391
32.688953;208;164;211;390
32.722384;208;164;204;172
32.757989;209;164;205;172
32.788983;209;169;206;171
32.820847;209;169;207;170
32.857212;209;169;208;169
32.888859;210;168;208;169
32.921476;211;168;208;169
32.956940;210;169;209;169
32.989279;211;168;209;169
33.020920;211;169;209;170
33.056992;211;169;209;171
33.089897;211;169;209;171
33.122944;211;169;208;172
33.157302;211;170;208;172
33.190264;211;170;208;173
33.223007;211;170;208;173
33.253206;210;171;208;174
33.289986;210;171;207;174
33.320871;210;171;207;174
33.353430;210;171;207;174
33.388872;210;171;207;174
33.421280;210;171;208;172
33.452993;211;171;208;172
33.489517;211;170;208;173
33.520938;211;170;208;173
33.553282;211;170;208;173
33.591164;211;170;208;173
33.621005;211;170;208;173
33.652868;211;170;208;173
33.685379;211;170;208;173
33.721018;211;170;208;173
33.753578;211;170;208;171
33.784920;211;170;208;171
33.820811;211;169;208;172
33.853262;211;169;208;172
33.885089;211;169;208;171
33.921032;211;169;208;171
33.953027;211;169;208;172
33.985401;211;169;208;172
34.020846;211;169;208;172
34.053037;211;169;208;172
34.085061;211;169;208;172
34.123418;211;169;208;172
34.152855;211;169;208;172
34.185497;211;169;208;172
34.216932;211;169;208;171
34.252827;211;168;208;171
34.285853;211;168;208;171
34.318061;211;170;208;171
34.355156;212;167;207;174
34.388303;212;167;208;171
34.417317;211;168;207;172
34.452867;211;168;207;172
34.484771;210;169;206;173
34.517682;213;153;206;173
34.552926;212;154;205;173
34.585947;212;154;204;174
34.617068;213;150;203;174
34.653851;213;150;202;179
34.685053;213;150;202;179
34.716782;213;150;201;180
34.752980;213;150;201;180
34.785680;213;150;201;180
34.816972;213;150;201;180
34.849396;213;150;201;180
34.885986;213;150;200;181
34.917150;213;150;200;180
34.949133;213;150;200;180
34.984837;212;151;200;181
35.017763;212;150;200;181
35.049033;212;151;200;181
35.085623;212;151;200;182
35.116897;212;151;200;182
35.149419;213;151;200;182
35.184935;212;152;201;181
35.217259;212;152;201;181
35.248959;212;152;201;180
35.285376;212;152;201;180
35.316893;212;152;202;180
35.349441;211;155;202;180
35.380828;211;155;202;179
35.417124;211;155;203;174
35.448873;212;154;204;174
35.481233;212;154;204;174
35.516965;212;154;204;174
35.550994;212;154;205;173
35.582919;209;169;205;173
35.617624;209;168;206;173
35.649055;210;168;206;173
35.681001;209;171;206;174
35.716856;209;171;206;173
35.749274;209;171;206;174
35.780888;209;171;206;174
35.817507;209;171;206;174
35.848961;209;171;206;174
35.881112;209;171;206;174
35.913030;209;171;206;174
35.949300;209;171;206;174
35.980998;209;171;206;173
36.013566;213;153;206;173
36.048844;213;153;206;173
36.081071;213;154;204;177
36.112983;212;154;204;177
36.148855;212;154;204;177
36.181281;212;154;204;177
36.213243;213;154;205;174
36.249372;213;154;205;174
36.280799;213;154;205;174
36.313011;212;154;205;174
36.348854;212;154;205;174
36.382198;212;154;205;174
36.412783;212;154;205;174
36.448995;212;154;204;174
36.481154;212;154;204;174
36.512896;212;154;204;173
36.545376;208;169;205;173
36.580884;208;170;205;174
36.614124;210;166;206;175
36.645243;211;165;208;172
36.682805;212;169;209;172
36.715106;213;168;210;172
36.748252;214;168;210;173
36.783335;212;173;210;173
36.812993;212;174;211;173
36.845232;212;174;211;173
36.880845;211;175;211;173
36.913410;214;169;211;174
36.945992;214;170;210;175
36.982743;213;171;210;175
37.012950;212;172;210;176
37.045650;212;173;209;177
37.077050;212;174;209;178
37.113384;211;169;208;178
37.144850;211;169;208;179
37.177344;211;170;208;179
37.212958;211;169;207;180
37.245053;215;151;207;180
37.277078;214;151;206;180
37.312839;214;151;205;181
37.344966;213;151;204;181
37.376848;213;151;203;181
37.413286;213;151;202;181
37.444835;213;151;202;180
37.477583;213;150;201;180
37.512920;213;150;201;180
37.545455;213;149;200;180
37.577065;213;149;200;180
37.609073;212;149;199;180
37.645479;212;149;199;180
37.676960;212;149;198;180
37.708968;211;150;198;180
37.745391;211;150;198;180
37.777189;211;151;197;181
37.809699;210;151;196;181
37.845761;210;151;196;181
37.877098;210;151;196;181
37.909876;210;151;196;181
37.945186;210;151;196;181
37.977310;210;151;196;181
38.008911;210;151;196;181
38.045164;210;151;196;181
38.077076;210;151;196;181
38.110698;210;151;196;181
38.144889;210;150;196;181
38.177759;210;150;196;181
38.208832;211;150;197;180
38.241037;211;149;197;180
38.276957;211;148;197;180
38.309690;212;148;198;179
38.341076;212;148;198;179
38.378221;212;148;199;178
38.410719;212;147;199;178
38.442589;212;147;200;178
38.477014;212;147;200;178
38.509466;212;147;200;174
38.540944;212;147;200;174
38.577119;212;147;200;174
38.609180;212;147;200;174
38.641016;212;147;200;174
38.676936;212;147;200;174
38.709850;211;148;199;178
38.742194;211;148;199;178
38.772776;211;148;199;175
38.808932;211;148;198;179
38.840961;211;148;198;175
38.873154;211;148;198;179
38.909416;210;148;197;179
38.941026;210;148;197;179
38.973326;210;148;198;175
39.010223;210;148;197;179
39.041835;210;148;197;179
39.074856;210;148;197;178
39.109493;210;147;197;178
39.141431;210;147;198;177
39.173593;210;147;197;178
39.208856;210;147;198;177
39.241302;210;147;198;177
39.272916;210;147;198;177
39.305396;211;146;198;177
39.340938;211;146;198;177
39.373250;211;146;198;177
39.404825;210;146;198;176
39.441209;210;146;198;176
39.472818;210;146;197;176
39.505073;210;146;197;176
39.540828;209;146;196;176
39.573023;208;146;195;176
39.605960;207;146;195;175
39.640887;206;146;194;176
39.673478;205;145;192;175
39.704889;204;145;191;175
39.741181;202;145;190;176
39.773068;200;145;187;176
39.805703;189;168;185;174
39.840972;193;145;182;175
39.873197;190;146;179;176
39.905119;185;148;175;178
39.937408;180;149;171;178
39.972764;175;149;168;173
40.004965;168;149;162;174
40.036989;162;151;157;175
40.073381;156;152;151;176
40.104808;149;154;145;177
40.137449;143;155;139;177
40.173623;138;156;133;179
40.207280;132;158;129;180
40.238995;129;158;125;180
40.274757;126;159;122;181
40.308672;124;159;120;181
40.339386;123;159;119;182
40.373002;123;158;118;182
40.405059;123;158;119;181
40.437133;124;158;120;181
40.469606;127;157;123;180
40.505015;130;156;125;179
40.537299;133;155;128;178
40.569160;136;153;131;177
40.606168;140;152;134;176
40.637427;142;151;136;174
40.669070;145;148;138;173
40.705457;146;147;140;171
40.737341;147;146;140;171
40.769088;147;147;140;171
40.805188;147;147;140;172
40.836860;147;147;140;172
40.869721;147;148;141;172
40.904833;149;149;143;172
40.937490;151;149;145;172
40.969945;154;148;148;172
41.000784;157;148;152;171
41.037079;161;147;155;171
41.069140;164;146;159;170
41.102593;168;145;162;169
41.138741;171;145;165;169
41.170578;173;144;168;168
41.200951;176;143;170;168
41.237215;177;143;171;168
41.268984;179;142;173;167
41.300920;181;142;175;167
41.337028;184;142;177;166
41.372188;186;142;180;166
41.405681;189;141;182;166
41.435503;192;142;185;166
41.470859;194;143;188;167
41.502071;197;144;190;168
41.534656;200;145;193;169
41.570332;203;147;195;171
41.602877;204;150;196;175
41.635433;205;152;198;176
41.671829;207;155;197;183
41.702242;208;158;198;189
41.735200;210;159;200;190
41.768089;212;160;203;185
41.802207;213;161;205;184
41.835077;214;162;206;185
41.865970;214;163;207;185
41.902487;215;164;207;186
41.934227;215;164;207;187
41.966096;215;165;207;187
42.001920;215;165;207;188
42.034330;214;166;207;188
42.066651;214;166;207;188
42.102321;214;166;210;167
42.134142;214;167;210;167
42.166023;213;167;210;167
42.202238;213;167;210;166
42.233855;213;167;210;166
42.267229;213;166;205;188
42.298802;212;166;204;188
42.337195;211;166;203;187
42.369024;209;166;202;187
42.399708;208;165;201;187
42.437914;206;165;199;187
42.466946;205;165;197;187
42.497833;203;165;196;187
42.534512;202;165;195;187
42.566052;201;166;194;188
42.598281;200;166;193;188
42.634328;199;166;192;188
42.667520;199;166;192;188
42.698001;199;166;192;188
42.734284;199;166;192;188
42.765896;199;167;193;188
42.798102;200;166;193;188
42.834641;200;166;192;191
42.866791;201;166;192;193
42.899600;201;166;193;189
42.932196;202;166;192;193
42.966223;202;166;192;193
42.998159;201;166;192;188
43.030122;201;167;191;191
43.067639;199;168;189;195
43.099156;198;168;188;195
43.132427;196;169;186;196
43.166649;195;171;185;197
43.198604;193;171;184;202
43.229928;192;172;182;203
43.266162;191;172;182;203
43.297881;190;172;181;203
43.330153;189;173;180;204
43.366021;188;173;179;204
43.398259;188;173;180;194
43.430393;187;173;180;194
43.462939;186;173;177;204
43.500296;186;173;176;204
43.530661;185;173;178;194
43.563107;184;173;175;204
43.599018;183;173;177;195
43.632002;183;173;176;195
43.661914;182;173;176;195
43.699213;182;173;175;195
43.732491;182;174;175;195
43.762714;182;174;175;195
43.798989;182;173;173;205
43.831535;183;173;174;204
43.862222;183;173;175;200
43.898029;184;173;175;203
43.930184;185;172;176;203
43.962162;186;172;177;203
43.994843;186;172;178;197
44.031638;187;171;179;197
44.062030;187;171;179;197
44.094835;186;172;180;197
44.130409;186;172;180;196
44.163073;185;172;180;197
44.195958;186;172;180;197
44.233795;186;172;180;197
44.263710;186;172;180;196
44.293954;185;173;180;197
44.330675;185;173;179;197
44.361986;184;174;179;197
44.394089;184;173;179;197
44.430011;184;173;178;197
44.462625;183;174;177;197
44.494663;182;174;177;197
44.530244;183;173;176;194
44.562424;182;174;175;194
44.593921;182;173;175;194
44.625991;181;173;174;194
44.663330;180;173;173;194
44.693950;180;173;172;194
44.726004;179;173;171;194
44.762119;178;173;171;194
44.794826;177;173;170;194
44.827603;176;173;169;194
44.862012;176;172;168;195
44.895019;175;172;166;196
44.928066;174;171;165;196
44.961891;173;171;164;197
44.994454;172;171;164;195
45.026249;171;172;163;196
45.062222;171;171;162;196
45.094939;170;171;163;192
45.127256;169;172;160;198
45.160981;169;171;160;199
45.193972;169;171;160;199
45.226362;169;171;159;202
45.257975;170;171;160;198
45.294120;170;170;160;202
45.325919;171;170;161;198
45.358000;172;170;161;201
45.394446;173;169;162;201
45.426425;174;169;163;200
45.457911;175;168;164;200
45.494362;176;168;165;199
45.526388;176;167;165;199
45.558228;177;167;165;199
45.593990;177;167;165;199
45.626068;177;167;165;199
45.657894;177;167;165;198
45.690742;177;167;165;198
45.726437;177;167;165;198
45.758487;177;167;165;198
45.789928;177;167;165;198
45.826245;176;167;164;198
45.857959;175;167;163;198
45.890365;173;167;163;193
45.925831;172;167;160;198
45.958086;170;167;159;198
45.990085;168;168;157;197
46.026150;167;168;156;198
46.058015;165;168;159;189
46.089931;164;168;156;194
46.126408;163;168;156;191
46.160434;162;168;156;190
46.191070;161;168;155;190
46.227182;161;168;155;192
46.259365;161;168;155;192
46.290200;162;168;156;192
46.321973;162;168;156;192
46.357894;164;168;157;192
46.390151;165;168;154;198
46.421931;166;167;155;198
46.458138;168;167;156;198
46.490258;169;167;157;199
46.522688;170;166;158;198
46.558990;171;166;160;198
46.590126;173;166;161;197
46.622076;175;166;163;197
46.659397;176;165;164;197
46.691264;178;165;166;197
46.724095;180;165;168;196
46.761467;181;165;169;196
46.793768;183;165;171;195
46.822453;184;165;173;191
46.854681;185;165;173;192
46.892460;185;164;174;191
46.922561;186;164;174;191
46.954460;181;170;175;191
46.990493;182;170;175;191
47.022991;182;170;176;190
47.054510;183;169;176;190
47.090808;183;169;176;190
47.122197;180;183;176;189
47.158061;180;183;176;189
47.191403;180;183;176;189
47.223116;180;183;176;189
47.254068;180;183;177;189
47.290344;181;182;177;189
47.321881;183;182;178;192
47.354218;184;181;180;188
47.385921;185;182;181;190
47.422390;187;181;183;189
47.455130;189;180;184;189
47.486193;191;180;186;188
47.522235;190;185;187;189
47.554081;191;185;188;189
47.586115;192;185;189;188
47.622197;193;184;190;188
47.654342;193;184;190;188
47.687507;193;184;191;187
47.722074;193;184;190;187
47.755023;193;184;190;187
47.788357;193;184;190;187
47.822157;192;184;189;187
47.854348;192;184;189;186
47.886990;192;184;188;187
47.922723;191;184;188;187
47.955769;191;183;188;187
47.988443;191;184;188;187
48.019876;191;183;188;187
48.058586;191;183;188;187
48.086469;191;183;188;187
48.119396;192;180;188;187
48.155824;192;179;188;187
48.186939;192;179;188;187
48.217953;192;180;188;187
48.254901;192;180;188;187
48.285887;192;180;188;186
48.318230;202;157;188;187
48.353995;202;158;188;187
48.386786;202;159;189;186
48.418175;202;159;189;187
48.454964;202;160;189;190
48.487740;203;160;190;187
48.520069;203;160;191;187
48.552592;204;160;191;187
48.587641;205;159;192;187
48.618443;205;158;192;187
48.650402;206;157;193;185
48.685958;206;157;193;185
48.718289;206;157;194;184
48.749950;206;157;194;184
48.786057;206;157;194;184
48.817979;205;157;193;186
48.850287;205;157;193;185
48.885876;205;157;192;188
48.918007;204;157;192;188
48.949968;204;157;193;184
48.986465;204;157;192;185
49.018023;203;157;192;185
49.050248;202;158;191;186
49.082193;202;158;191;185
49.118076;201;158;190;185
49.150386;200;159;190;185
49.181880;199;160;189;185
49.217856;198;161;188;187
49.250055;197;161;187;187
49.282147;196;162;187;186
49.318129;195;162;186;186
49.349941;194;163;186;186
49.381949;194;163;185;186
49.418306;194;163;185;186
49.451349;193;164;185;187
49.484132;193;166;185;187
49.517859;194;166;186;187
49.550965;195;166;186;189
49.581974;195;167;187;188
49.619063;197;166;188;188
49.651436;198;165;189;188
49.685858;199;165;190;188
49.715271;200;165;191;188
49.751153;200;166;191;189
49.783659;201;166;192;188
49.815620;202;166;193;190
49.849996;203;166;194;192
49.882077;203;167;194;192
49.913892;204;167;195;191
49.950419;204;167;196;188
49.982045;204;167;196;188
50.014043;204;168;197;188
50.049912;204;168;196;188
50.081926;204;168;196;189
50.114010;203;168;195;189
50.150578;202;169;194;190
50.181950;201;169;192;196
50.214212;200;170;190;202
50.245967;199;170;189;202
50.282426;198;170;189;202
50.314604;197;171;188;203
50.347208;197;171;188;203
50.381883;196;171;187;203
50.414747;195;172;187;204
50.446102;195;172;186;204
50.481983;194;173;187;199
50.514423;193;173;185;205
50.545958;192;174;185;205
50.582009;191;174;185;205
50.613897;191;174;185;200
50.646266;191;174;185;200
50.682135;191;174;185;200
50.715033;191;174;184;205
50.747322;191;174;184;205
50.778050;191;174;185;200
50.813960;191;174;185;200
50.846891;191;174;185;200
50.880141;191;174;184;205
50.916039;191;174;184;205
50.947068;191;174;186;200
50.978131;191;174;186;200
51.014248;192;174;186;200
51.045823;192;174;186;200
51.077810;192;174;186;200
51.113955;192;174;186;200
51.146845;192;174;186;200
51.177822;192;174;186;201
51.213769;192;174;185;206
51.245793;192;174;185;206
51.277828;192;174;185;206
51.313828;192;174;186;201
51.345751;193;174;186;201
51.377786;194;174;185;206
51.409742;194;174;186;206
51.445781;194;174;187;201
51.477899;194;174;186;206
51.509814;194;174;186;206
51.546173;194;174;186;206
51.577843;194;174;188;200
51.609775;194;174;187;206
51.645775;194;174;187;206
51.677769;194;174;188;200
51.709816;194;174;188;200
51.746257;194;174;188;200
51.778282;194;174;188;200
51.809842;194;174;187;200
51.845855;195;173;187;200
51.877832;195;173;186;205
51.909826;194;174;186;205
51.941826;194;174;186;205
51.977823;195;174;187;206
52.009789;195;174;188;201
52.042199;194;175;188;201
52.078956;194;175;188;201
52.115282;194;175;188;202
52.142792;194;176;188;202
52.178246;194;176;189;202
52.209819;194;176;189;202
52.241786;194;176;189;203
52.277848;194;176;188;207
52.309921;194;176;188;207
52.341827;194;177;188;208
52.377968;193;177;188;204
52.409772;193;177;187;208
52.441832;192;178;187;204
52.473846;192;178;186;207
52.509845;192;177;186;205
52.541817;191;177;184;205
52.573805;190;177;184;205
52.610775;190;177;183;205
52.642877;189;177;182;205
52.674948;188;178;181;205
52.710739;187;178;180;205
52.742635;187;177;179;206
52.773784;186;177;178;206
52.810588;184;179;177;207
52.842187;183;179;176;207
52.874459;182;180;175;207
52.910827;182;179;174;207
52.941941;181;179;174;208
52.973923;181;179;178;179
53.009907;181;179;173;208
53.041854;181;179;173;208
53.073866;181;179;173;208
53.105808;181;179;173;208
53.142052;181;179;174;209
53.174071;182;180;179;180
53.205992;182;180;179;180
53.242124;182;181;180;181
53.274125;183;181;180;181
53.306422;183;181;181;181
53.341829;184;181;181;181
53.374242;184;181;182;181
53.406078;183;182;181;184
53.442014;184;182;183;181
53.473995;185;181;183;181
53.505930;185;181;184;181
53.541854;186;181;184;181
53.573877;185;182;184;181
53.605756;185;182;184;181
53.638553;186;181;185;180
53.674033;186;181;185;180
53.706321;186;181;185;180
53.738925;186;181;185;180
53.775173;186;181;185;179
53.805840;186;181;185;179
53.837796;186;181;185;179
53.873942;187;180;185;179
53.905789;187;180;185;179
53.937846;187;180;181;208
53.973874;187;181;186;179
54.006221;188;180;187;179
54.037809;189;180;188;179
54.073827;189;180;188;179
54.106071;190;180;189;179
54.138095;191;180;189;179
54.169872;191;180;190;179
54.205957;192;179;190;179
54.237887;192;180;191;179
54.269925;192;180;191;179
54.305809;192;180;191;179
54.337932;192;180;191;179
54.369970;192;180;191;179
54.406475;192;180;191;179
54.438912;192;180;190;179
54.469803;191;180;190;179
54.505814;191;180;189;179
54.537813;190;180;189;179
54.570071;190;180;189;179
54.605920;190;180;189;179
54.637801;190;179;189;179
54.669810;190;179;189;179
54.705872;190;179;189;178
54.737845;191;179;189;178
54.769886;191;178;190;178
54.801903;191;178;186;203
54.837912;192;178;187;203
54.870983;193;177;187;203
54.902358;194;176;187;203
54.938148;194;176;188;202
54.969854;194;176;188;202
55.001805;195;175;189;196
55.037838;195;175;189;196
55.069894;195;175;190;195
55.101884;196;174;190;195
55.138106;196;174;190;194
55.169958;196;174;190;194
55.201790;196;174;190;194
55.238514;196;174;190;194
55.269898;196;174;190;194
55.301862;196;174;190;194
55.334087;196;174;190;193
55.370027;196;174;190;194
55.401773;197;173;190;194
55.433818;196;174;191;194
55.469886;196;174;191;194
55.501791;196;174;191;194
55.534420;196;174;191;194
55.569948;197;174;192;194
55.601918;197;174;192;193
55.633918;198;174;193;193
55.669839;198;174;194;192
55.701838;199;173;194;193
55.733843;200;173;195;192
55.770702;201;172;196;194
55.802173;202;172;196;194
55.833969;203;171;197;193
55.865947;204;170;197;193
55.901794;204;170;198;193
55.933802;204;170;198;193
55.965731;204;170;198;190
56.001867;204;170;198;193
56.033804;204;170;198;193
56.065847;204;170;198;193
56.101817;203;170;198;190
56.133826;203;170;197;190
56.165809;203;170;197;190
56.201873;202;171;197;190
56.234550;202;171;196;190
56.265780;202;171;196;190
56.301851;202;171;196;191
56.333834;202;171;196;191
56.366806;201;172;196;191
56.402038;201;172;196;191
56.433950;201;172;196;191
56.465816;202;172;196;191
56.497886;202;172;196;191
56.533779;202;172;196;191
56.566954;202;172;196;191
56.597741;202;172;196;191
56.633912;202;172;196;191
56.665738;202;172;196;191
56.697900;202;172;196;192
56.733933;202;172;196;195
56.766110;202;172;196;191
56.797777;202;172;196;192
56.833873;201;173;196;192
56.865925;201;173;196;192
56.898402;201;173;195;193
56.934290;201;173;195;193
56.966103;201;173;195;193
56.998052;200;173;195;193
57.030027;200;173;194;194
57.065804;199;174;194;194
57.097824;199;173;194;194
57.130310;199;174;193;194
57.165769;198;174;193;194
57.197918;198;174;193;194
57.229995;198;174;193;194
57.265930;197;174;192;194
57.298369;197;174;192;194
57.330012;197;174;192;194
57.366035;197;174;191;194
57.397964;197;174;191;194
57.430239;197;174;191;194
57.465915;197;174;191;194
57.498188;197;174;191;194
57.530113;196;175;192;194
57.561891;198;174;192;194
57.597939;199;174;193;194
57.629904;200;174;194;194
57.661920;200;174;195;194
57.697889;201;173;195;192
57.729809;202;173;196;192
57.761870;202;172;196;192
57.797744;202;172;196;192
57.829852;202;172;196;193
57.861909;202;172;196;191
57.899290;201;172;195;192
57.930608;200;172;194;191
57.962635;199;172;193;191
57.997823;198;173;192;192
58.029918;198;172;191;192
58.061780;197;172;191;191
58.097957;196;172;190;192
58.129776;196;172;189;192
58.161847;196;172;189;191
58.193801;196;171;188;191
58.229803;196;171;188;191
58.261807;195;171;188;191
58.293831;195;171;188;191
58.329968;195;171;187;192
58.362513;195;171;187;191
58.393918;195;171;187;191
58.429888;195;171;187;192
58.461791;195;171;187;197
58.493853;196;171;187;197
58.529835;196;171;187;197
58.562300;196;171;188;197
58.594372;197;171;189;192
58.629967;197;171;190;191
58.661861;198;171;190;197
58.693814;198;171;190;197
58.725809;198;171;190;197
58.761776;198;171;190;197
58.793782;198;171;191;194
58.825774;198;171;190;195
58.861897;198;171;190;194
58.893867;198;171;190;192
58.925825;196;172;190;192
58.961827;197;171;189;193
58.994592;196;171;189;192
59.027133;196;171;188;194
59.063863;196;170;188;193
59.094784;196;170;187;194
59.126196;196;170;187;193
59.161816;197;169;187;195
59.193819;197;169;188;194
59.225947;199;167;188;199
59.258106;201;166;190;197
59.293876;203;166;192;196
59.325807;206;164;196;193
59.357851;210;162;201;184
59.393811;214;160;205;182
59.425802;216;161;210;180
59.458497;218;175;216;178
59.494090;225;174;222;177
59.526163;233;173;228;179
59.557861;238;174;234;178
59.593869;241;177;242;177
59.625819;257;172;229;364
59.657817;263;172;264;174
59.693872;270;171;269;175
59.725837;276;171;274;175
59.758161;282;171;281;175
59.793876;288;167;286;176
59.825717;292;166;290;176
59.857985;295;166;294;176
59.889802;304;157;298;164
59.925722;307;156;300;164
59.957722;308;156;302;162
59.989821;309;155;303;163
60.025901;309;155;303;162
60.057918;309;154;300;171
60.089864;306;156;299;170
60.125785;299;162;297;169
60.157800;297;162;294;169
60.189821;294;164;292;168
60.226600;291;169;290;168
60.262284;288;169;287;168
60.290869;286;169;285;168
60.326723;283;170;282;169
60.358511;280;171;279;170
60.390776;276;173;276;171
60.421928;273;173;273;172
60.457804;271;171;270;174
60.489887;268;172;268;175
60.523715;268;166;267;177
60.557808;265;168;266;178
60.589836;263;169;264;179
60.621830;262;167;263;180
60.657778;261;167;262;180
60.689825;259;167;259;180
60.721871;258;168;257;180
60.757811;257;168;254;179
60.789802;256;173;253;180
60.822325;259;155;251;179
60.857855;259;155;249;179
60.889976;258;156;249;179
60.921784;259;155;250;180
60.953861;259;155;249;179
60.989800;259;155;250;179
61.021819;260;155;251;179
61.053873;256;175;252;179
61.089803;256;174;252;179
61.121896;256;174;253;179
61.154089;256;174;253;178
61.189911;256;174;253;179
61.221808;256;174;253;178
61.253948;256;174;252;178
61.289920;256;174;252;178
61.321907;255;174;251;179
61.354498;255;174;250;179
61.389884;254;174;249;178
61.421844;254;174;248;178
61.453959;241;181;245;179
61.490380;241;181;245;179
61.521930;240;181;244;179
61.553846;240;181;244;179
61.585941;240;181;243;179
61.621812;240;181;238;180
61.653759;240;181;244;178
61.685797;241;180;244;178
61.721892;253;174;248;178
61.753821;254;174;249;177
61.785802;255;174;249;177
61.821795;255;173;250;176
61.853814;256;173;253;175
61.885764;257;173;253;177
61.921780;258;173;256;177
61.953691;258;173;257;177
61.985687;259;172;258;177
62.021952;259;172;259;177
62.053884;259;172;261;177
62.085965;259;172;261;177
62.117823;260;172;262;177
62.154196;260;172;262;177
62.185929;260;172;262;177
62.218123;261;172;262;176
62.253787;261;172;263;176
62.286268;261;172;263;176
62.317957;261;172;263;176
62.353958;261;171;263;175
62.385936;261;171;263;175
62.417883;261;171;263;174
62.454501;261;171;263;173
62.486054;259;172;263;173
62.518477;258;172;262;173
62.554046;258;171;226;360
62.585895;258;170;226;361
62.618400;257;171;225;362
62.650879;256;172;251;176
62.686331;256;169;249;176
62.718058;255;173;248;176
62.750467;210;260;248;175
62.785823;210;260;247;175
62.818138;210;259;246;174
62.849893;210;258;245;174
62.886385;210;258;244;174
62.918003;209;258;243;174
62.950131;240;175;238;174
62.986874;238;175;236;174
63.018049;238;175;235;175
63.049938;237;173;233;175
63.086173;235;173;231;176
63.119337;233;173;228;176
63.152158;230;173;226;177
63.186035;226;171;222;178
63.217923;222;172;218;179
63.250131;218;173;214;180
63.282077;213;174;210;180
63.317970;216;155;207;181
63.349856;212;157;203;183
63.381937;210;158;198;189
63.417937;207;160;195;190
63.450318;205;160;193;191
63.481907;202;161;190;192
63.518325;199;162;187;193
63.549971;196;163;185;193
63.582276;193;164;181;194
63.617980;190;164;184;184
63.650346;189;164;183;184
63.682967;188;164;182;184
63.717956;188;164;182;184
63.750369;188;163;182;187
63.781984;188;163;182;187
63.814318;188;163;182;184
63.850258;188;162;183;183
63.881988;189;162;184;183
63.914901;191;161;185;182
63.949840;191;160;185;184
63.981952;192;159;186;183
64.013947;193;159;183;190
64.049994;193;159;188;181
64.082040;194;159;183;191
64.114183;194;159;183;191
64.150387;194;160;188;185
64.182243;194;161;188;185
64.216023;194;161;188;186
64.249964;194;162;188;184
64.281999;195;163;189;185
64.313925;195;163;189;187
64.346234;196;163;190;188
64.381913;197;163;191;187
64.414100;198;163;191;188
64.446588;199;163;191;188
64.482037;199;163;191;188
64.514280;199;163;191;187
64.546068;199;163;190;189
64.582350;198;164;189;189
64.613874;197;164;188;190
64.646143;195;165;187;192
64.683142;194;165;187;190
64.713999;193;166;186;189
64.745935;191;167;185;188
64.782007;190;167;184;188
64.814391;189;168;184;188
64.845961;189;168;183;188
64.882433;188;168;182;189
64.913989;187;169;181;189
64.946208;187;169;181;190
64.978486;187;169;181;190
65.014154;187;169;181;190
65.046481;187;169;181;190
65.078992;187;169;181;191
65.113927;187;169;181;197
65.147988;188;170;182;197
65.180901;188;170;182;197
65.215952;188;170;182;197
65.247973;188;170;182;197
65.281979;189;170;182;197
65.315796;189;170;182;198
65.345834;188;170;182;198
65.377825;188;171;180;200
65.413963;187;171;181;198
65.445870;187;171;181;198
65.477776;186;171;180;198
65.509867;185;172;179;199
65.545856;184;172;178;199
65.577796;184;172;178;199
65.609803;183;172;177;200
65.645802;182;173;176;200
65.677776;182;173;176;201
65.709765;182;173;176;201
65.745750;183;173;176;202
65.777911;183;173;177;201
65.809811;184;173;177;201
65.845989;184;173;178;201
65.877800;184;173;178;201
65.909803;185;173;178;201
65.945813;185;173;178;202
65.978019;185;173;178;202
66.009790;185;173;178;202
66.042075;185;173;178;202
66.077853;185;174;178;202
66.109872;185;174;178;203
66.141932;185;174;178;203
66.177872;185;174;178;203
66.210513;185;174;178;203
66.241984;185;174;178;203
66.277811;185;174;178;203
66.309819;185;174;178;203
66.341838;185;174;178;203
66.377799;185;174;178;203
66.409905;185;174;178;203
66.441812;185;174;178;203
66.477766;185;175;178;203
66.509790;185;174;178;204
66.541873;185;175;178;204
66.577839;185;175;178;204
66.609918;185;175;178;204
66.641900;184;175;178;204
66.673958;184;175;178;204
66.709792;184;175;178;204
66.741811;184;175;178;205
66.773806;184;175;178;205
66.809839;184;175;178;205
66.842425;184;175;178;205
66.873787;185;175;178;205
66.909764;185;175;179;205
66.941756;185;175;179;205
66.973933;185;175;179;205
67.009982;185;175;179;205
67.041826;186;175;179;205
67.073828;186;175;179;205
67.109813;186;175;180;205
67.141824;186;175;180;205
67.173743;186;175;180;205
67.205765;186;175;180;204
67.241765;186;175;180;204
67.274853;186;175;180;204
67.306616;186;175;179;204
67.342551;185;175;179;204
67.374529;185;175;179;204
67.406677;185;175;179;204
67.442382;185;175;179;204
67.473823;185;175;178;204
67.505791;185;175;179;204
67.541831;185;175;178;204
67.573797;185;175;179;204
67.605834;185;175;179;204
67.641772;185;175;179;204
67.673760;185;175;179;204
67.705769;185;175;179;204
67.737910;185;175;179;204
67.773787;185;175;179;204
67.805926;185;175;179;204
67.837765;185;175;178;204
67.873853;184;175;178;204
67.905898;184;175;178;204
67.937812;184;175;178;204
67.973962;184;176;178;205
68.005796;184;176;178;205
68.037841;184;175;178;205
68.073799;184;176;178;205
68.106017;183;175;178;205
68.137766;183;176;178;205
68.173762;183;176;178;205
68.205800;183;176;177;205
68.237779;183;176;177;205
68.273912;183;176;177;206
68.305763;182;176;177;206
68.337770;182;176;177;206
68.369794;182;176;176;206
68.405734;182;176;176;206
68.437782;182;176;176;206
68.469879;182;176;176;206
68.505788;182;176;176;206
68.537794;182;176;176;206
68.569904;182;176;176;206
68.605781;181;176;176;206
68.638044;181;177;176;207
68.669783;181;177;175;207
68.706157;181;177;176;207
68.738010;181;177;176;207
68.769981;181;177;175;207
68.805781;181;177;175;206
68.837945;180;177;175;206
68.870214;180;177;175;206
68.901791;180;177;174;206
68.937751;180;177;174;207
68.970369;179;177;174;207
69.001881;179;177;174;207
69.037754;179;178;174;207
69.070119;179;178;174;207
69.102382;179;178;174;207
69.138210;179;178;173;207
69.169810;178;178;173;207
69.201898;178;178;173;207
69.237773;178;178;173;207
69.269823;178;178;173;207
69.301736;178;178;173;207
69.337761;178;178;173;207
69.369852;178;178;173;207
69.401822;178;178;173;207
69.437862;178;178;173;207
69.469955;178;178;173;207
69.501756;178;178;173;207
69.534907;178;178;173;207
69.570625;178;178;173;207
69.601871;178;178;173;207
69.633996;178;177;173;207
69.669840;179;177;173;207
69.701932;180;176;173;206
69.733766;183;175;177;196
69.769780;184;175;179;196
69.801780;187;174;180;194
69.834003;184;181;182;187
69.869925;187;180;181;191
69.901978;188;179;183;189
69.933781;186;187;184;190
69.969831;188;187;186;188
70.001781;191;186;188;187
70.034836;193;186;191;186
70.066801;195;185;193;185
70.102535;197;184;195;184
70.133813;199;184;197;183
70.166132;202;182;200;182
70.202296;204;182;203;180
70.233909;212;172;206;179
70.266001;210;179;208;178
70.301883;213;178;211;177
70.333731;216;176;213;177
70.365780;218;176;216;176
70.401766;217;181;218;175
70.434826;218;184;218;183
70.465785;219;186;220;179
70.501808;220;187;220;183
70.533978;222;182;221;183
70.565883;227;174;223;179
70.597841;228;174;223;180
70.633846;228;174;223;182
70.665931;229;173;223;183
70.697967;229;174;223;183
70.733905;228;175;223;183
70.766286;228;175;223;183
70.797902;228;174;222;183
70.834822;227;175;223;179
70.866349;226;176;222;180
70.897936;225;176;222;178
70.933941;224;177;221;179
70.965778;223;177;221;177
70.997997;223;177;221;176
71.033798;222;177;220;177
71.065778;221;177;220;176
71.097845;220;178;219;177
71.133847;219;178;218;177
71.165769;219;178;217;178
71.197842;218;178;216;178
71.229909;218;179;216;178
71.265806;217;179;215;179
71.297822;216;179;214;179
71.329872;216;179;213;179
71.365792;215;179;213;179
71.397899;214;180;212;180
71.429786;214;179;212;180
71.466261;213;180;211;180
71.497955;213;180;211;180
71.529755;213;179;210;181
71.565774;212;180;210;180
71.597777;212;179;209;181
71.629810;212;179;209;180
71.665825;214;171;208;181
71.697918;213;171;208;181
71.729794;213;171;207;182
71.762029;212;171;207;182
71.797868;212;171;207;182
71.829816;211;171;206;183
71.861912;211;171;206;184
71.898465;213;164;205;184
71.929835;215;156;205;185
71.961770;213;157;203;185
71.998246;212;156;202;184
72.030163;211;156;201;184
72.061772;210;156;200;184
72.097850;209;157;198;184
72.129800;207;158;197;185
72.162162;206;158;195;186
72.197848;204;159;194;186
72.229728;203;159;193;185
72.261779;202;160;192;185
72.293775;200;162;191;186
72.329808;199;162;190;186
72.361757;198;163;189;186
72.393774;197;163;188;187
72.429890;196;163;187;187
72.461812;195;164;186;187
72.493851;194;164;185;188
72.529816;193;164;185;188
72.562969;193;165;185;188
72.593754;192;165;184;188
72.629762;192;165;184;188
72.661854;192;165;183;189
72.693903;191;165;182;189
72.729860;191;166;182;189
72.761739;191;166;182;189
72.793959;191;166;182;190
72.829883;191;166;182;189
72.862001;191;166;181;196
72.894866;191;166;181;193
72.925951;191;167;181;193
72.961752;191;167;181;191
72.994160;190;167;182;190
73.025833;190;167;181;191
73.061807;190;167;181;191
73.093752;190;167;180;194
73.125821;189;167;180;195
73.161876;189;167;179;198
73.193811;189;167;179;198
73.225912;188;167;180;191
73.261765;188;167;180;191
73.293925;188;168;180;191
73.325866;187;168;179;191
73.361931;187;168;179;191
73.393885;187;168;179;191
73.425873;186;168;179;190
73.457830;186;168;177;195
73.493887;185;168;178;191
73.525970;185;169;178;191
73.557846;185;169;178;190
73.593801;185;169;178;190
73.625791;184;169;178;190
73.657876;184;169;178;190
73.693806;184;169;178;190
73.725820;184;169;178;190
73.757868;185;169;178;190
73.793828;185;169;178;190
73.825811;185;169;178;191
73.857832;185;169;178;191
73.893907;185;169;178;191
73.925819;185;169;178;191
73.957804;185;169;178;191
73.989836;186;169;177;196
74.026311;186;169;178;195
74.057744;187;168;178;195
74.089875;187;168;178;196
74.125852;187;168;177;200
74.157787;188;168;179;195
74.189890;188;168;179;195
74.225874;188;168;179;195
74.258489;189;168;180;194
74.290633;189;167;180;194
74.326754;189;167;179;198
74.358328;190;167;179;198
74.390829;190;167;179;198
74.426260;190;167;180;198
74.457786;191;167;180;198
74.489801;191;167;180;197
74.525800;191;167;181;197
74.557780;191;167;181;197
74.589835;191;167;180;197
74.621841;191;167;180;197
74.657812;190;167;180;198
74.689818;190;167;180;198
74.721922;190;168;179;198
74.757786;189;168;179;198
74.789885;189;168;180;194
74.821820;189;168;180;195
74.857757;189;168;180;192
74.889823;189;168;179;195
74.922172;188;168;179;195
74.957757;188;168;179;195
74.989760;188;169;179;196
75.021795;188;169;179;196
75.058569;188;169;178;200
75.089859;188;169;178;201
75.121812;188;169;178;201
75.153790;188;169;178;201
75.189880;189;168;179;200
75.221821;190;168;181;192
75.253728;190;168;181;192
75.289818;191;168;182;191
75.321778;191;168;182;192
75.353858;191;168;182;192
75.389724;192;168;183;191
75.421761;192;168;183;191
75.454917;192;168;183;192
75.490925;192;169;183;193
75.522017;192;169;184;191
75.553943;192;170;184;192
75.590081;192;170;184;192
75.621785;192;171;184;192
75.653738;192;171;184;192
75.685776;192;171;184;192
75.722204;192;171;184;193
75.753759;192;171;184;193
75.785831;192;171;184;192
75.821963;193;169;185;191
75.853904;193;169;185;192
75.885931;193;169;185;191
75.921942;193;170;185;191
75.953792;193;170;185;192
75.985877;193;170;185;192
76.021974;192;170;185;192
76.053879;192;170;184;192
76.085814;191;170;184;191
76.121901;190;170;183;192
76.153854;189;170;182;193
76.185910;188;170;181;193
76.221840;187;171;180;193
76.253936;187;171;180;193
76.286502;186;171;180;193
76.317806;186;171;179;193
76.353829;186;171;179;193
76.386194;186;171;179;193
76.417807;186;171;179;193
76.453782;186;171;179;193
76.485924;185;171;178;193
76.517799;185;171;178;193
76.554010;185;171;178;194
76.585780;185;172;178;193
76.617830;185;172;178;194
76.653743;185;172;178;194
76.686187;185;172;178;194
76.717864;185;172;178;194
76.753783;185;172;178;194
76.786497;185;172;178;194
76.817802;185;172;178;194
76.849830;185;172;178;194
76.885745;185;172;178;194
76.917753;185;172;178;194
76.949801;185;172;178;194
76.985994;185;172;178;194
77.017963;185;172;178;194
77.049766;185;171;178;194
77.085958;185;171;178;194
77.117758;185;171;178;194
77.149832;185;171;178;193
77.185784;185;171;178;193
77.217861;185;171;178;193
77.249757;185;171;178;193
77.286040;184;171;178;193
77.318068;184;171;177;193
77.349793;184;171;177;193
77.381787;184;171;177;193
77.417926;184;171;177;193
77.449769;183;171;177;193
77.482170;183;171;176;193
77.518313;183;171;176;193
77.549777;183;171;176;193
77.581850;183;171;176;193
77.617765;183;171;176;193
77.649851;183;172;176;193
77.681777;183;172;176;193
77.717809;183;172;176;193
77.749753;183;172;176;193
77.781877;183;172;176;193
77.817815;183;172;176;194
77.849806;183;172;177;193
77.881743;184;172;177;194
77.917854;184;172;177;194
77.949768;184;172;177;194
77.981809;184;172;177;195
78.013785;184;172;177;194
78.050013;184;172;177;194
78.082237;184;172;177;194
78.114906;184;172;178;193
78.149726;184;172;177;194
78.181799;184;172;177;194
78.213771;184;172;177;194
78.249699;184;172;177;194
78.281768;184;172;177;194
78.313768;183;173;177;194
78.349850;183;173;176;195
78.381920;183;173;176;195
78.413914;183;173;176;195
78.450788;183;173;176;195
78.481815;182;173;176;195
78.513767;182;173;176;194
78.545817;182;173;175;195
78.581736;181;173;175;195
78.614015;181;173;174;195
78.645746;181;173;174;195
78.681774;180;173;174;195
78.713808;180;174;173;195
78.745797;180;174;173;195
78.781907;179;174;173;195
78.814212;179;174;172;196
78.845802;178;174;172;196
78.881943;178;174;172;196
78.913841;177;175;171;196
78.945829;177;175;171;196
78.982034;177;175;171;197
79.013761;176;175;170;197
79.046194;176;175;170;197
79.077740;176;175;170;197
79.113736;176;176;170;197
79.145799;176;176;170;197
79.177784;175;176;170;197
79.213958;175;176;170;196
79.245904;175;176;169;197
79.277991;175;176;169;197
79.313837;175;176;169;197
79.346033;175;176;169;198
79.377886;174;176;169;198
79.413858;174;176;168;198
79.445795;174;177;168;198
79.477735;174;177;168;198
79.513773;174;177;168;198
79.545792;173;177;168;198
79.577782;173;177;168;198
79.613901;173;177;168;198
79.645795;173;177;168;198
79.677811;173;177;168;198
79.709793;173;177;167;198
79.745733;173;177;167;198
79.777774;173;177;168;198
79.809759;173;177;168;198
79.845777;173;177;168;198
79.877784;173;177;168;198
79.909775;173;177;168;198
79.946334;174;177;168;198
79.978031;174;177;169;197
80.009813;174;177;169;198
80.046287;175;176;169;198
80.077962;175;176;169;198
80.110815;175;177;169;198
80.145817;175;177;170;198
80.178644;175;177;170;198
80.209772;176;176;170;198
80.241845;176;176;170;198
80.277869;176;176;170;198
80.309849;176;176;170;198
80.341797;176;176;170;198
80.377798;176;176;170;198
80.409882;176;176;170;198
80.441980;176;176;170;198
80.478229;176;176;170;198
80.509886;176;176;170;198
80.541789;175;176;170;197
80.577748;175;176;169;198
80.609772;175;176;169;198
80.641847;175;177;169;198
80.677882;175;177;169;198
80.709876;175;177;169;198
80.742624;175;177;169;198
80.774153;175;177;169;198
80.809841;175;176;169;198
80.841718;175;176;169;198
80.873725;175;176;170;198
80.909856;176;176;170;198
80.941763;176;176;170;198
80.973829;176;176;170;198
81.009741;176;176;171;197
81.041779;177;176;171;197
81.073786;177;176;171;197
81.109825;177;176;171;197
81.141795;178;176;172;197
81.173814;178;176;172;196
81.209898;178;176;172;197
81.241851;178;176;172;197
81.274089;179;175;173;197
81.309892;179;175;173;197
81.341822;179;175;173;196
81.373750;180;175;174;196
81.405757;180;174;174;195
81.441720;180;174;174;195
81.473782;181;174;174;196
81.505927;181;173;174;196
81.541878;181;173;175;195
81.574027;181;174;175;195
81.605862;181;174;175;195
81.641838;181;174;175;195
81.674789;181;174;175;195
81.705885;181;174;175;195
81.742002;181;174;174;196
81.773765;181;174;174;196
81.805824;181;174;174;196
81.841796;181;174;174;196
81.873827;181;174;174;196
81.905973;181;174;175;196
81.937953;181;174;174;196
81.973829;181;174;174;196
82.005847;181;175;174;196
82.037865;180;175;174;197
82.073777;179;175;173;197
82.106349;179;175;172;197
82.137666;178;175;172;197
82.174007;178;175;171;197
82.205778;177;175;171;197
82.237839;177;175;171;197
82.273732;177;175;171;197
82.305928;177;175;170;197
82.337826;176;175;170;197
82.373971;176;175;170;197
82.405849;176;175;170;197
82.437942;176;175;171;196
82.469930;177;175;171;197
82.506238;178;175;172;196
82.538031;179;175;173;196
82.570878;180;175;171;207
82.605756;182;174;173;206
82.637828;183;174;174;207
82.669783;185;174;175;206
82.705713;186;174;176;206
82.737789;187;174;179;201
82.769801;188;175;179;205
82.805791;189;174;180;205
82.837997;190;174;181;205
82.869913;191;174;181;205
82.905886;191;174;181;205
82.938004;192;173;182;205
82.970007;192;174;182;205
83.005988;192;174;183;204
83.038187;193;173;185;194
83.069765;193;173;185;194
83.101750;193;173;185;194
83.137805;193;173;185;194
83.169964;193;173;185;194
83.201848;193;173;186;193
83.237761;193;173;186;193
83.270197;193;173;185;193
83.301924;193;172;185;193
83.337717;193;172;185;193
83.369764;193;172;185;193
83.401855;193;172;185;192
83.437755;193;171;185;192
83.469835;192;172;185;192
83.501861;192;171;184;192
83.537965;192;170;183;194
83.569824;191;171;183;194
83.602024;191;171;182;195
83.633789;190;171;182;194
83.669788;190;172;182;194
83.701841;189;172;182;193
83.733769;189;172;180;200
83.770418;188;172;181;194
83.801905;188;172;181;194
83.833860;188;172;180;195
83.870474;187;172;180;195
83.901848;187;173;180;195
83.933747;187;173;180;195
83.969839;186;173;179;195
84.002024;186;173;179;195
84.033941;186;173;179;195
84.069861;186;173;179;195
84.101857;185;173;178;195
84.133872;185;173;178;195
84.165700;185;172;178;195
84.201878;185;172;178;194
84.233775;185;172;178;194
84.265721;184;172;178;194
84.301757;184;172;178;194
84.333791;184;172;177;194
84.365772;184;172;177;194
84.401934;184;172;177;194
84.433730;184;172;177;194
84.465719;184;172;177;194
84.501739;184;172;177;194
84.533739;184;172;177;194
84.565716;184;172;177;194
84.601855;184;172;177;194
84.633751;184;173;177;195
84.665813;184;173;177;195
84.702171;184;173;177;195
84.733876;184;173;177;195
84.765893;184;173;177;195
84.797718;184;173;177;195
84.833894;184;174;177;195
84.865820;184;174;177;195
84.897855;184;174;177;196
84.933765;184;174;178;196
84.965912;184;174;178;196
84.997813;185;174;178;196
85.033800;185;174;178;196
85.065822;185;175;179;196
85.097968;185;175;179;196
85.133766;185;175;179;196
85.165775;186;175;179;196
85.197882;186;175;179;196
85.233842;187;175;180;196
85.265808;187;175;178;206
85.297752;188;175;178;206
85.330920;188;175;178;206
85.365890;188;175;179;206
85.397778;188;175;179;206
85.429863;188;174;178;206
85.465727;186;174;177;206
85.497772;184;174;177;195
85.529712;181;174;172;205
85.565742;177;173;169;199
85.597723;171;173;164;199
85.629761;165;173;159;195
85.665944;158;172;152;193
85.697758;150;172;144;194
85.729785;141;172;136;195
85.765787;131;173;128;194
85.797871;121;172;118;195
85.829866;111;174;109;195
85.862755;101;177;100;195
85.898169;95;171;332;113
85.929880;87;173;332;119
85.961965;79;175;332;126
85.998334;72;177;331;127
86.030253;65;180;332;126
86.061789;60;181;332;123
86.097937;54;183;332;127
86.129831;49;185;332;128
86.161888;45;187;312;294
86.197847;43;188;310;294
86.229821;40;190;309;294
86.261909;40;190;308;294
86.297767;42;187;309;294
86.330000;45;185;309;294
86.361770;50;182;310;294
86.397840;55;179;311;294
86.429782;60;177;313;294
86.461765;67;171;332;127
86.494011;72;169;332;126
86.529861;79;166;332;127
86.561928;86;163;332;127
86.593904;93;160;332;136
86.629881;101;157;96;182
86.661808;108;155;102;180
86.693812;115;154;108;178
86.729890;119;159;114;177
86.761855;120;174;120;176
86.793786;126;172;143;367
86.829778;130;172;145;365
86.861760;135;171;147;364
86.893740;139;168;150;361
86.929762;144;168;152;360
86.961721;146;168;154;358
86.994254;150;168;156;357
87.025839;155;167;158;356
87.062311;160;166;161;355
87.094426;165;166;170;344
87.125768;172;164;174;342
87.162182;178;163;179;339
87.193798;184;162;184;336
87.225765;191;162;189;334
87.261898;198;161;193;332
87.293825;205;160;206;156
87.325771;211;159;210;157
87.361719;215;160;216;158
87.393748;220;160;222;158
87.425945;228;159;229;302
87.461988;233;158;233;302
87.494339;236;159;237;301
87.525862;238;163;232;169
87.557780;241;165;235;170
87.594861;256;154;252;298
87.625820;256;157;256;298
87.657819;258;158;259;298
87.694932;259;159;262;298
87.725889;260;161;263;299
87.757795;262;162;264;299
87.794798;263;162;265;299
87.825933;265;162;266;300
87.857858;265;163;267;300
87.893731;265;164;267;300
87.925758;265;165;267;300
87.957785;264;166;267;300
87.993857;264;166;267;300
88.025745;264;167;267;300
88.057752;264;167;267;300
88.093800;264;167;267;299
88.125732;263;168;267;299
88.157818;263;169;268;300
88.189879;263;169;315;94
88.225939;262;172;316;94
88.257772;263;172;332;95
88.289733;263;171;332;95
88.325796;265;170;332;95
88.357733;271;168;332;96
88.389783;273;167;332;96
88.425776;275;165;332;96
88.457854;277;163;332;96
88.489774;279;161;332;96
88.525722;283;159;332;96
88.557743;285;157;332;97
88.590406;287;156;332;98
88.625816;289;155;332;99
88.657846;291;154;332;96
88.689806;293;153;332;96
88.721771;296;151;332;99
88.757736;299;149;332;99
88.789886;301;148;332;100
88.821817;302;147;332;100
88.857772;304;146;332;100
88.889994;306;145;332;100
88.921727;307;143;332;101
88.957816;307;142;332;102
88.989816;307;142;332;100
89.021902;307;142;332;102
89.057860;308;142;332;102
89.089719;307;142;332;102
89.121844;307;142;332;102
89.157797;307;143;332;102
89.189826;307;143;332;102
89.221905;307;143;332;102
89.253878;307;143;332;101
89.289853;307;143;332;102
89.321764;306;143;332;102
89.353798;306;144;332;105
89.390688;306;144;332;102
89.422011;305;144;332;102
89.454729;304;144;332;102
89.490375;303;145;332;102
89.522199;303;145;332;102
89.553761;303;145;332;106
89.589772;302;145;332;106
89.622343;301;145;332;106
89.653854;300;145;332;102
89.689751;299;145;332;106
89.721745;299;145;332;102
89.753748;298;145;332;102
89.789797;297;145;332;106
89.821738;295;145;332;106
89.853940;294;145;332;106
89.885773;293;145;332;106
89.921771;293;145;332;106
89.953887;292;146;332;106
89.985760;292;146;332;106
90.021768;291;146;332;106
90.053753;291;146;332;106
90.085760;291;146;332;107
90.121747;290;146;332;106
90.153788;290;146;332;107
90.185917;289;146;332;106
90.221760;289;146;332;106
90.253851;288;146;332;106
90.285895;33;264;332;106
90.321911;32;263;332;106
90.353761;32;264;332;107
90.385789;31;265;332;106
90.417850;31;266;332;107
90.453781;30;266;332;107
90.485829;29;266;332;107
90.517752;29;266;332;107
90.554648;28;267;332;107
90.586841;28;268;332;106
90.618960;27;269;332;106
90.654227;26;270;332;106
90.685914;26;271;332;106
90.717895;26;272;332;106
90.753800;26;274;332;106
90.785811;26;275;332;106
90.817892;26;277;332;105
90.853928;226;230;332;105
90.885763;224;230;332;105
90.917782;223;230;332;102
90.949810;222;229;332;102
90.985783;220;229;332;102
91.017822;218;229;332;102
91.049881;217;229;332;102
91.085820;279;148;332;102
91.117861;279;148;332;102
91.149812;279;148;332;102
91.186132;279;148;332;101
91.217851;279;148;332;100
91.249744;279;148;332;99
91.285746;280;150;332;99
91.317742;278;155;332;98
91.349667;275;155;332;96
91.385695;272;155;332;96
91.418244;269;156;332;96
91.449784;261;161;332;95
91.485793;263;157;332;95
91.517994;261;156;468;401
91.549738;261;154;472;408
91.581785;259;153;474;421
91.617781;257;152;478;427
91.649769;239;162;482;429
91.681841;238;160;446;307
91.717748;237;159;228;169
91.749796;235;158;228;165
91.782310;236;156;227;163
91.818173;235;155;228;159
91.850528;234;155;228;158
91.882838;233;155;226;159
91.918210;232;155;225;159
91.949735;232;155;226;158
91.982239;228;158;225;159
92.017853;224;161;224;159
92.049846;223;162;222;161
92.081875;223;162;222;161
92.113780;223;161;221;161
92.149985;224;160;222;160
92.181782;223;160;221;160
92.214009;222;160;221;159
92.249845;223;158;224;335
92.281863;223;157;220;158
92.313837;224;155;220;157
92.349873;218;160;220;155
92.381836;217;160;219;154
92.413860;216;159;213;164
92.449859;213;160;211;164
92.481823;211;160;208;165
92.514287;206;165;204;167
92.549768;202;166;200;168
92.581838;198;167;196;170
92.613835;195;168;193;171
92.645987;193;168;190;172
92.681829;191;169;189;171
92.713900;190;171;188;173
92.746368;189;172;187;175
92.781776;189;173;187;175
92.813758;189;174;187;177
92.847505;189;175;187;178
92.881813;190;176;188;179
92.913770;191;176;189;180
92.946313;193;176;191;179
92.982452;195;175;193;179
93.017244;197;179;195;180
93.046066;200;179;198;179
93.082398;208;165;202;177
93.115143;210;166;205;177
93.145781;212;166;207;177
93.182132;212;169;209;176
93.213822;214;168;211;175
93.245770;215;169;212;175
93.277836;215;170;213;175
93.314352;216;166;213;174
93.345749;215;166;216;162
93.377741;216;161;213;162
93.413871;212;162;209;163
93.445740;208;161;205;163
93.477787;204;157;197;166
93.513729;196;157;189;168
93.545884;187;159;180;171
93.577802;177;163;174;171
93.613787;171;163;168;168
93.645774;165;164;162;167
93.677765;159;166;156;171
93.713781;154;167;150;172
93.745826;149;168;146;173
93.777742;144;168;141;175
93.809839;139;172;135;177
93.845820;134;172;130;179
93.877770;129;174;125;179
93.910086;123;174;119;180
93.945861;116;176;112;181
93.978390;108;177;104;182
94.009866;99;178;95;184
94.045850;89;181;86;186
94.077757;81;183;77;188
94.109794;73;185;69;190
94.145947;66;187;62;192
94.178733;59;190;332;111
94.209798;53;191;332;112
94.245755;47;193;332;113
94.277731;43;194;332;114
94.309783;36;198;332;120
94.341923;31;199;332;121
94.377891;26;200;332;120
94.409794;26;203;332;122
94.442023;36;167;332;124
94.477775;31;169;332;123
94.509796;27;171;332;122
94.542206;26;172;332;122
94.577786;26;172;332;122
94.609849;26;172;332;123
94.641813;26;172;332;123
94.677972;26;173;332;122
94.709902;26;175;332;123
94.742247;26;179;332;123
94.778030;26;178;332;127
94.809719;28;178;332;127
94.841806;30;177;332;126
94.877844;32;177;332;126
94.909886;35;175;332;136
94.941762;26;209;332;126
94.973802;26;209;332;127
95.009738;26;209;332;127
95.042170;26;209;332;127
95.073861;26;209;332;127
95.109805;26;208;332;127
95.142245;26;211;332;126
95.174881;27;208;332;127
95.209968;26;209;332;126
95.241745;26;209;332;126
95.273772;26;210;332;126
95.309820;26;211;332;127
95.341793;26;211;332;127
95.373895;26;212;332;127
95.410782;26;213;332;126
95.443070;26;213;332;126
95.474396;26;213;332;125
95.505847;26;217;46;312
95.541785;30;213;49;311
95.573908;32;212;34;216
95.605803;35;212;34;216
95.641823;39;211;37;215
95.674002;35;216;40;214
95.705773;37;216;332;101
95.741806;39;215;332;100
95.773793;40;215;332;100
95.805807;41;215;332;100
95.841728;41;215;332;100
95.873716;40;216;332;99
95.905798;40;216;332;101
95.941802;39;217;332;101
95.973761;38;219;332;96
96.005746;37;221;332;101
96.041850;37;223;332;101
96.074090;37;223;332;102
96.105730;39;224;332;101
96.137824;40;225;332;101
96.174115;42;225;332;101
96.205798;44;226;332;101
96.237792;46;226;332;100
96.273794;48;225;332;101
96.305879;50;225;332;102
96.337820;51;224;332;102
96.373839;53;224;332;101
96.405876;53;224;332;102
96.437823;54;224;332;102
96.473806;55;225;332;101
96.506222;55;225;332;101
96.537817;55;226;332;102
96.574509;55;226;332;102
96.606997;55;227;332;102
96.637791;55;228;332;102
96.669775;54;229;332;103
96.705950;53;230;332;102
96.737794;53;230;332;102
96.769896;52;230;332;102
96.805764;52;231;332;102
96.837848;52;232;332;105
96.869779;53;233;332;105
96.905795;54;233;332;105
96.937819;55;234;332;105
96.969916;56;234;332;106
97.005837;57;235;332;106
97.037841;58;236;332;107
97.069793;58;238;332;107
97.105793;59;239;332;106
97.138387;60;241;332;106
97.169782;61;242;332;106
97.202768;63;243;332;102
97.237839;65;243;332;102
97.269829;67;242;333;102
97.301806;70;241;73;241
97.337864;72;241;76;241
97.369816;74;241;78;241
97.401916;76;242;79;241
97.438710;77;242;80;243
97.469999;77;243;80;243
97.501849;76;244;79;244
97.537772;75;245;78;247
97.571023;73;245;76;248
97.603070;72;247;74;249
97.638246;71;247;73;250
97.670708;70;248;72;251
97.702945;69;248;71;252
97.738078;69;248;71;252
97.769955;68;249;70;249
97.801738;69;248;70;249
97.833846;69;248;70;249
97.870409;69;247;70;248
97.901751;69;247;70;248
97.933813;68;246;69;250
97.969834;66;246;68;250
98.001751;64;246;65;250
98.033843;62;246;63;250
98.069962;60;246;60;250
98.102078;57;246;58;250
98.133805;54;247;55;247
98.169901;51;247;52;247
98.202194;47;247;48;247
98.234605;44;247;44;247
98.269775;41;247;42;247
98.301740;59;201;39;247
98.333885;56;201;35;247
98.365786;52;201;34;247
98.401865;49;201;34;248
98.433970;46;202;34;249
98.465979;43;202;332;107
98.502156;40;202;333;113
98.533804;37;203;332;114
98.565924;35;204;332;116
98.602997;32;205;332;117
98.633974;29;206;332;118
98.665909;27;207;332;121
98.701793;26;208;332;122
98.733902;26;208;331;121
98.765733;26;208;332;125
98.802389;26;208;332;126
98.833885;26;208;332;125
98.865789;26;208;332;123
98.898681;26;207;332;124
98.934763;26;207;332;124
98.965979;26;207;332;126
98.997757;26;207;332;124
99.033766;26;208;332;124
99.065775;26;208;332;125
99.097790;26;208;332;126
99.133899;26;208;332;126
99.166052;26;209;331;126
99.198481;26;209;332;127
99.233842;26;209;331;127
99.266022;26;209;332;128
99.297848;26;209;331;127
99.333830;26;209;331;127
99.365790;26;209;332;128
99.397833;26;209;331;127
99.433969;26;209;331;127
99.465766;26;209;331;127
99.497771;26;210;331;127
99.529766;26;210;331;127
99.565846;26;209;331;126
99.597737;26;209;331;126
99.630721;26;208;331;127
99.665860;26;208;332;97
99.697949;26;209;332;100
99.729888;26;209;332;96
99.765816;26;209;332;100
99.798505;26;209;332;96
99.829776;26;209;332;96
99.865966;26;210;332;96
99.897874;26;210;332;96
99.929857;26;210;332;107
99.965953;26;211;332;96
99.997822;28;199;332;98
100.029810;27;200;332;100
100.061797;26;201;332;99
100.097930;26;202;332;100
100.129831;26;201;332;96
100.161789;26;202;332;100
100.197794;26;202;332;96
100.229825;26;202;332;100
100.261749;27;202;332;102
100.297760;28;201;332;108
100.329792;26;215;332;108
100.361797;26;215;332;111
100.397900;26;215;332;101
100.429788;26;216;332;112
100.461947;28;202;332;112
100.497996;476;369;332;113
100.529907;28;203;332;113
100.562241;28;203;332;112
100.593754;27;203;332;112
100.629915;28;203;332;112
100.661739;26;219;332;112
100.693760;26;219;332;112
100.729867;26;220;332;112
100.761867;26;220;332;112
100.793971;26;220;332;111
100.830164;26;221;332;112
100.861880;26;222;332;113
100.893792;26;223;332;113
100.929957;26;224;332;114
100.961784;26;224;332;113
100.993822;26;224;332;113
101.029910;26;223;332;113
101.062212;26;223;332;120
101.094172;26;223;332;119
101.129855;26;222;332;112
101.161812;26;221;332;123
101.194704;26;221;332;123
101.225858;26;221;332;113
101.262067;26;221;332;122
101.293973;26;221;332;122
101.326058;26;221;332;123
101.361999;26;222;332;123
101.393801;26;222;332;123
101.425778;26;221;332;113
101.462234;29;204;332;113
101.493764;28;204;332;113
101.525759;28;204;332;123
101.561810;28;204;332;113
101.593677;29;203;332;122
101.625868;26;219;332;122
101.661769;26;219;332;122
101.693772;26;220;332;126
101.725693;26;219;331;127
101.757814;26;220;332;126
101.793789;26;220;332;126
101.825818;29;204;331;126
101.858299;28;205;331;127
101.893959;28;205;331;127
101.925814;27;205;332;127
101.957778;27;205;332;122
101.994010;28;204;332;127
102.025970;29;204;332;127
102.057794;26;220;332;126
102.093888;26;221;332;126
102.125983;26;221;332;126
102.157834;26;221;332;127
102.194466;26;221;332;126
102.226147;26;222;331;126
102.258132;26;222;331;127
102.290022;26;221;332;126
102.325983;26;221;332;126
102.358371;26;221;332;127
102.389767;26;221;332;127
102.425783;26;221;331;127
102.457803;26;221;331;128
102.489957;26;220;332;128
102.526133;26;220;331;128
102.562003;26;221;332;128
102.593353;26;221;332;128
102.628883;26;221;332;128
102.657802;26;221;332;128
102.689764;26;222;332;128
102.725793;26;221;332;129
102.758268;26;221;332;128
102.789859;26;221;332;128
102.825826;26;221;332;128
102.858075;26;221;332;127
102.889884;26;220;332;129
102.921816;26;220;332;128
102.957979;26;219;332;128
102.989921;26;219;332;128
103.022093;26;219;332;127
103.057831;26;219;332;127
103.089735;26;219;332;127
103.121876;26;219;332;127
103.157729;26;219;332;127
103.189767;26;219;332;128
103.221767;26;219;332;127
103.258125;26;219;332;128
103.289976;26;218;332;128
103.322150;26;218;331;128
103.357840;26;218;331;128
103.389765;26;218;331;128
103.421792;26;217;331;127
103.454649;26;217;331;127
103.490072;26;217;331;127
103.521838;26;217;331;127
103.553925;26;217;331;128
103.589733;26;218;332;127
103.621992;26;218;331;127
103.653812;26;217;331;127
103.689753;26;215;331;127
103.721764;26;215;331;127
103.753730;26;215;332;113
103.790228;26;215;331;128
103.822419;26;215;332;96
103.853926;26;215;332;96
103.889867;26;215;332;96
103.921886;26;215;332;96
103.953784;26;215;332;96
103.985790;26;215;332;96
104.021785;26;215;332;96
104.053814;26;215;332;96
104.085782;26;215;332;96
104.121856;26;214;332;96
104.153939;26;214;332;96
104.185872;26;213;332;96
104.221812;26;213;332;101
104.253792;26;213;332;101
104.285794;26;213;332;101
104.321836;26;212;332;101
104.353883;26;211;332;101
104.385796;26;210;332;101
104.421939;26;209;332;100
104.453761;26;209;332;100
104.485737;26;208;332;100
104.521813;26;208;332;100
104.553783;26;207;332;100
104.585837;26;206;332;101
104.617769;26;205;332;101
104.653748;26;204;332;101
104.685780;26;203;332;112
104.717771;27;202;332;112
104.753761;30;199;332;113
104.785861;32;198;332;112
104.817843;35;196;332;113
104.853808;39;194;332;112
104.885884;42;192;332;112
104.917927;47;189;332;111
104.953879;51;187;332;122
104.985896;56;184;332;113
105.017827;60;181;332;113
105.053844;66;178;332;112
105.085821;71;175;332;107
105.117800;76;172;332;107
105.149749;80;170;332;102
105.185780;85;167;332;101
105.217772;91;164;84;192
105.250765;96;162;332;99
105.285751;102;159;332;97
105.317784;101;293;101;184
105.350031;106;290;106;182
105.385823;110;288;112;179
105.418684;114;286;118;179
105.451632;119;284;124;177
105.486647;124;282;129;176
105.518054;129;280;135;174
105.549820;133;279;140;173
105.586356;138;278;146;173
105.617898;142;277;151;171
105.649749;148;275;157;170
105.681741;152;274;162;170
105.717789;169;169;167;171
105.749783;174;167;171;171
105.781788;179;167;175;170
105.817921;182;167;179;170
105.850021;185;167;182;170
105.881756;188;167;185;169
105.917821;191;167;187;170
105.949824;193;168;189;171
105.981972;194;169;190;173
106.017822;195;170;191;174
106.049780;196;173;192;175
106.081809;197;173;193;176
106.117826;197;174;194;177
106.149980;198;174;195;177
106.182582;198;175;195;177
106.218064;197;176;195;178
106.249837;197;176;195;179
106.281977;197;177;194;180
106.313830;197;179;194;181
106.350140;197;179;194;182
106.381836;197;180;194;182
106.414190;197;180;194;183
106.450209;197;180;194;183
106.481777;196;180;193;184
106.513859;193;184;192;184
106.549784;190;186;190;185
106.581793;188;187;188;186
106.614616;186;187;185;187
106.650031;184;188;183;188
106.682252;183;183;181;188
106.713810;180;189;179;189
106.749941;180;184;178;189
106.782253;179;184;176;189
106.813992;178;185;175;189
106.845721;177;185;175;190
106.882279;176;185;174;190
106.914116;176;185;173;190
106.946381;175;185;172;191
106.981883;173;186;171;191
107.014018;173;186;170;191
107.045895;180;167;169;192
107.081964;179;167;168;192
107.113893;178;168;168;192
107.145820;177;168;167;192
107.181842;177;168;167;192
107.214342;176;167;166;192
107.245736;175;167;164;191
107.281789;173;167;163;191
107.313751;172;167;162;192
107.345768;170;168;160;192
107.377862;169;169;159;193
107.413786;168;170;159;194
107.445848;168;170;158;195
107.477810;168;171;158;195
107.513895;168;171;158;196
107.545803;168;171;159;196
107.577769;169;172;159;196
107.613697;169;172;160;197
107.645733;170;172;161;197
107.677788;170;172;161;198
107.713759;171;172;161;198
107.745753;171;172;161;198
107.777760;171;173;162;199
107.813784;170;173;161;199
107.846299;169;174;160;200
107.877813;168;175;159;202
107.913830;167;175;158;202
107.945778;165;176;156;202
107.977753;163;176;154;202
108.009799;162;177;153;202
108.045736;161;177;151;202
108.077779;159;177;150;203
108.109708;158;178;149;203
108.145818;157;178;148;203
108.177784;156;179;147;203
108.210206;156;179;146;203
108.245806;155;179;146;203
108.277764;155;179;146;203
108.309810;155;179;146;203
108.345872;155;178;146;203
108.377883;156;178;146;203
108.409939;156;178;147;203
108.445863;157;177;148;202
108.477878;158;177;149;202
108.509937;159;176;149;202
108.541808;160;176;151;202
108.577817;161;176;152;202
108.609871;161;176;152;202
108.641923;162;176;153;202
108.678051;162;176;154;202
108.709800;163;175;154;201
108.741729;163;175;154;201
108.777899;163;175;154;201
108.809972;163;175;154;201
108.841825;163;175;154;201
108.877777;163;175;154;201
108.909901;163;175;154;201
108.941734;163;175;154;201
108.977750;163;175;154;201
109.009838;163;175;154;201
109.041894;163;175;154;201
109.073926;163;175;154;201
109.110036;163;176;154;201
109.141893;163;176;153;201
109.173858;162;176;153;202
109.210174;162;176;153;202
109.241799;162;176;153;202
109.273793;161;176;152;202
109.310524;161;176;151;200
109.342680;160;176;151;199
109.374033;160;176;151;202
109.411039;159;176;150;199
109.442200;159;176;149;200
109.481607;159;176;149;201
109.510513;158;176;148;200
109.541762;158;176;148;201
109.573807;157;176;147;200
109.609808;157;176;147;201
109.641923;156;176;147;201
109.673733;156;176;147;201
109.705811;156;176;146;201
109.742111;156;176;146;201
109.778591;155;176;146;201
109.805910;155;176;146;202
109.842163;155;177;145;202
109.873908;155;177;145;202
109.905976;155;177;145;202
109.941868;155;177;145;202
109.973971;155;177;146;203
110.005929;155;177;146;203
110.042650;156;177;146;203
110.073815;156;177;146;201
110.106076;156;177;146;201
110.141829;156;177;147;200
110.173952;156;176;147;201
110.206013;156;177;147;201
110.238158;157;177;147;201
110.273955;156;176;147;202
110.305773;156;176;147;201
110.337991;156;176;147;201
110.373774;156;176;147;201
110.405985;156;176;147;200
110.437733;156;176;146;200
110.474117;155;176;146;201
110.505692;155;176;146;201
110.537917;155;177;146;202
110.573931;154;177;145;202
110.605807;154;177;145;201
110.638261;153;177;144;201
110.673876;153;177;144;202
110.706276;152;178;143;203
110.737963;151;178;142;203
110.770384;149;178;140;203
110.806310;148;178;139;203
110.838029;147;179;138;204
110.869876;145;179;137;204
110.906187;144;180;136;205
110.937846;143;180;135;205
110.970925;143;180;134;204
111.006004;142;180;134;203
111.038067;142;179;133;203
111.070401;142;179;133;203
111.106190;142;179;133;203
111.138163;142;179;133;203
111.170110;141;179;133;203
111.205884;141;179;133;202
111.237770;141;179;132;203
111.270015;141;179;132;203
111.305846;141;179;132;203
111.338244;141;179;132;203
111.369757;141;180;132;204
111.401932;141;180;132;204
111.437813;141;180;133;204
111.470113;142;180;133;204
111.501951;142;180;134;205
111.538495;143;180;134;205
111.569797;143;180;135;205
111.601923;144;180;135;205
111.637791;144;180;136;205
111.669939;144;180;136;205
111.702060;145;180;136;205
111.737772;145;180;136;205
111.769971;145;180;136;206
111.801927;145;180;136;206
111.838136;145;181;136;206
111.869800;145;181;136;206
111.902134;144;181;135;206
111.933781;144;181;135;206
111.969991;143;181;135;206
112.001884;143;181;134;206
112.034069;142;181;134;206
112.070354;142;181;134;207
112.102896;142;182;133;207
112.133915;141;181;133;207
112.169894;141;182;132;207
112.202445;140;182;132;207
112.233882;140;182;132;207
112.269923;140;182;131;207
112.302116;140;183;131;208
112.334019;140;183;131;208
112.369928;139;183;131;208
112.402170;139;183;131;208
112.434017;140;183;131;208
112.466219;140;183;131;208
112.502116;140;183;132;208
112.533886;141;182;132;208
112.566055;141;182;133;208
112.601835;142;181;134;207
112.634316;143;181;134;207
112.665784;144;181;135;206
112.702004;145;180;137;206
112.734094;148;177;141;204
112.766111;153;175;145;201
112.801962;158;170;149;199
112.834435;164;167;153;194
112.866417;172;163;157;191
112.902370;164;182;158;196
112.933790;170;178;162;193
112.966480;166;194;165;193
113.001974;170;193;169;192
113.034416;175;190;173;190
113.066225;179;189;178;188
113.098226;185;186;182;187
113.133866;189;185;187;185
113.166937;193;185;190;193
113.197979;199;182;194;193
113.233790;204;181;202;179
113.265807;208;180;206;179
113.298784;211;180;210;177
113.334000;213;187;211;188
113.365815;216;188;214;188
113.397961;219;187;217;188
113.434043;221;187;219;188
113.465778;224;187;221;188
113.497748;226;186;223;187
113.533933;228;186;224;188
113.565883;229;186;225;188
113.597946;229;186;224;193
113.629948;230;186;225;192
113.666331;230;186;225;192
113.698583;230;186;226;188
113.729827;229;186;225;192
113.765735;228;186;225;188
113.797760;227;187;224;189
113.830349;226;187;223;189
113.866156;225;187;222;190
113.898954;223;187;222;188
113.930068;222;187;221;188
113.965867;221;188;220;188
113.998106;220;187;219;188
114.029835;219;187;218;188
114.066257;219;187;218;188
114.098735;219;187;218;188
114.129963;219;187;218;188
114.162119;222;180;219;188
114.197757;223;182;221;187
114.229921;226;182;223;187
114.261843;229;183;226;185
114.299024;232;182;227;188
114.329987;235;182;230;188
114.361873;239;180;232;195
114.397812;240;185;234;195
114.430029;242;186;229;283
114.462148;253;176;232;281
114.497844;256;175;235;280
114.530135;258;174;237;279
114.561910;260;173;240;277
114.598096;260;179;242;275
114.629768;261;178;256;190
114.661974;262;178;257;190
114.697797;261;178;256;189
114.729902;261;178;256;189
114.761989;260;178;255;189
114.794058;259;178;253;190
114.829762;259;173;252;192
114.862074;258;173;249;193
114.893743;256;174;247;194
114.929942;241;194;243;195
114.962096;240;195;237;196
114.993943;238;195;236;195
115.029824;237;196;235;196
115.062198;236;196;234;197
115.093771;235;196;233;197
115.129843;235;187;232;197
115.161992;234;187;230;196
115.195047;230;193;229;197
115.230850;227;190;227;197
115.263855;224;190;225;198
115.297044;221;191;222;197
115.328170;218;191;219;198
115.362113;216;192;217;199
115.394961;214;192;214;199
115.428585;211;192;211;199
115.462919;215;171;209;200
115.496113;213;172;206;201
115.527070;211;173;204;201
115.561807;210;173;202;202
115.594095;208;174;201;203
115.625856;207;174;199;203
115.662484;206;175;198;203
115.693893;205;175;198;204
115.726186;204;176;197;204
115.762637;204;177;197;204
115.793774;204;177;197;205
115.826106;204;177;197;205
115.857767;204;177;197;205
115.893988;204;178;198;206
115.927054;205;178;198;206
115.958133;206;178;199;206
115.993760;207;178;200;206
116.026516;208;178;201;206
116.057721;209;177;201;206
116.093873;209;177;202;206
116.125835;209;177;202;206
116.158114;209;178;202;206
116.193795;209;178;203;206
116.225737;209;178;203;206
116.258240;210;179;203;206
116.293814;211;179;204;206
116.326076;211;180;206;195
116.358931;211;181;207;191
116.394016;212;179;208;184
116.426048;211;176;208;180
116.458436;211;165;206;179
116.489962;201;184;201;184
116.526414;206;165;196;188
116.557873;200;168;191;193
116.590037;193;174;187;198
116.626762;187;177;181;203
116.658273;181;182;175;207
116.689896;176;185;171;210
116.726405;174;182;168;211
116.757913;172;182;165;211
116.790383;168;187;163;211
116.826886;167;184;161;212
116.858853;165;185;158;213
116.890716;162;186;156;214
116.925958;161;186;154;215
116.958141;159;186;153;215
116.989742;158;186;151;214
117.022000;158;186;151;214
117.057838;158;185;150;213
117.090144;158;182;150;210
117.121856;159;181;150;208
117.158189;160;179;151;206
117.189898;161;178;153;205
117.222074;162;176;155;203
117.258004;165;176;159;201
117.290052;168;175;162;197
117.321824;168;180;164;194
117.358155;173;177;168;191
117.389753;176;175;169;189
117.421974;179;174;171;189
117.457857;175;187;173;188
117.489904;177;188;175;188
117.521759;179;188;178;186
117.554021;182;187;180;186
117.590071;185;186;182;187
117.622647;188;185;185;186
117.654922;189;188;188;186
117.692586;193;185;191;185
117.722110;194;188;193;185
117.753897;196;187;195;184
117.790472;198;187;197;184
117.821918;200;186;199;183
117.854741;201;186;200;183
117.889768;202;186;201;182
117.922013;202;186;201;183
117.953749;205;181;201;183
117.990201;205;181;202;182
118.021822;204;183;202;182
118.054268;205;182;202;182
118.091837;204;183;202;182
118.121841;204;182;201;183
118.155573;209;169;201;183
118.185772;207;171;201;182
118.222009;203;178;201;179
118.253972;201;178;200;178
118.285808;199;179;198;179
118.321954;197;180;196;180
118.353839;195;181;193;181
118.386389;193;181;191;182
118.421957;191;182;189;182
118.454289;189;182;187;183
118.485775;187;183;186;183
118.521820;186;184;185;183
118.554087;185;183;184;183
118.586128;183;185;183;184
118.622276;182;186;181;186
118.653903;189;166;180;187
118.685952;187;168;178;189
118.717776;186;169;177;190
118.754375;185;170;176;192
118.786252;184;171;176;192
118.818759;184;172;176;193
118.854422;183;172;176;194
118.886196;183;172;176;194
118.918232;183;173;176;195
118.953950;183;173;176;196
118.985900;183;174;176;196
119.018199;183;174;176;197
119.053844;182;175;175;198
119.086051;182;175;175;198
119.117891;181;176;175;199
119.154276;181;176;175;199
119.185809;181;176;174;200
119.218574;180;177;174;200
119.250030;180;177;174;200
119.286110;180;177;174;200
119.318214;180;176;173;200
119.350007;180;177;173;200
119.385776;180;176;173;199
119.417924;180;176;173;199
119.449745;180;176;173;199
119.485966;180;176;173;199
119.517880;180;176;173;199
119.551879;180;176;173;198
119.586967;180;176;172;198
119.620309;180;175;172;198
119.650584;180;175;172;197
119.685888;180;175;172;197
119.717771;180;174;172;196
119.750088;180;174;173;196
119.786031;181;173;173;195
119.818180;182;172;174;194
119.849715;183;171;174;193
119.881826;180;177;175;193
119.917907;181;176;176;192
119.949905;181;176;176;192
119.982007;182;176;176;192
120.017773;182;176;177;191
120.050246;183;175;177;191
120.081813;183;176;177;191
120.118098;183;175;177;191
120.149831;183;175;177;191
120.182012;183;175;177;191
120.217826;182;176;177;191
120.249887;182;176;177;191
120.282246;182;176;177;191
120.318338;182;176;176;192
120.349720;181;176;176;192
120.381887;181;176;176;192
120.413911;181;176;175;192
120.449907;181;176;175;193
120.481881;180;176;175;193
120.513960;180;176;175;193
120.549994;180;176;175;193
120.581952;180;176;175;193
120.613801;180;176;175;193
120.650002;181;176;175;192
120.681712;181;176;176;192
120.713755;181;176;176;192
120.749708;181;176;176;191
120.781779;181;176;176;191
120.814071;181;176;176;191
120.849914;182;176;177;191
120.882236;182;176;177;191
120.913858;182;176;177;191
120.946090;182;176;177;191
120.981757;182;176;177;191
121.013937;183;175;177;191
121.045813;183;175;177;191
121.081810;183;175;177;191
121.113923;183;176;178;191
121.146145;183;176;178;191
121.181958;184;176;178;191
121.214052;184;176;178;191
121.246041;185;175;179;191
121.282438;185;175;179;191
121.314174;185;175;179;191
121.346232;185;175;180;191
121.382787;186;175;180;191
121.413951;186;175;180;191
121.445800;187;175;181;191
121.482011;187;175;181;191
121.513733;188;175;183;189
121.545858;190;174;184;188
121.578450;193;173;185;189
121.613833;195;174;187;189
121.646068;192;187;190;188
121.677885;197;184;193;188
121.714137;200;184;198;184
121.745722;204;183;201;183
121.777924;208;181;205;182
121.814557;210;182;207;182
121.847261;211;185;211;181
121.878745;213;185;211;194
121.913889;216;184;213;193
121.946043;217;183;215;193
121.978057;218;190;217;192
122.013850;219;190;218;192
122.045959;220;189;216;208
122.078615;220;190;216;208
122.110295;219;190;216;208
122.146399;219;190;215;208
122.177980;218;190;214;208
122.209908;216;183;212;208
122.245924;215;183;211;209
122.278344;213;183;209;209
122.309817;212;184;210;194
122.345959;211;184;209;194
122.378052;212;182;210;181
122.410024;212;180;209;181
122.445778;210;181;207;181
122.477949;211;170;206;181
122.510529;206;177;203;180
122.546316;201;180;200;181
122.578124;198;181;197;181
122.612419;209;153;194;182
122.645848;205;154;191;184
122.677995;190;184;189;184
122.709813;188;184;186;184
122.742240;197;157;185;184
122.779952;184;184;183;184
122.810159;182;185;181;185
122.842360;180;185;179;185
122.877893;188;158;177;184
122.910133;186;158;175;185
122.941768;178;179;174;184
122.977864;178;179;173;184
123.009832;177;179;173;184
123.042131;178;178;173;184
123.077754;178;178;174;183
123.109754;179;177;175;183
123.141875;180;177;176;183
123.178343;181;176;177;181
123.210208;182;176;178;180
123.241927;183;175;178;181
123.274050;183;175;179;180
123.309840;183;175;179;181
123.342178;183;176;179;180
123.375640;183;176;179;180
123.414257;183;176;179;181
123.441830;183;176;179;181
123.474229;180;181;179;181
123.509898;180;181;179;181
123.542185;180;182;179;182
123.573863;180;182;179;182
123.610182;180;182;179;182
123.641969;180;182;180;182
123.674043;181;182;180;182
123.710614;181;182;180;182
123.741945;181;182;181;182
123.773833;181;182;181;182
123.805953;181;182;181;182
123.841972;181;182;181;182
123.873796;181;182;180;182
123.906112;180;182;180;182
123.941784;180;182;179;182
123.974325;180;182;179;182
124.006705;179;182;178;182
124.042457;179;182;178;183
124.073981;178;182;177;183
124.105762;177;183;177;183
124.142020;176;184;176;184
124.173859;176;184;175;184
124.206358;176;184;175;184
124.242066;175;185;174;184
124.273930;174;185;174;185
124.305948;174;185;173;185
124.341979;173;185;172;185
124.374031;173;185;172;185
124.405782;172;186;172;186
124.438095;172;186;171;186
124.473805;171;186;170;186
124.506064;170;187;169;187
124.537895;169;187;168;187
124.574161;168;187;167;187
124.605809;168;187;166;188
124.638026;167;188;166;188
124.673980;167;187;165;188
124.706073;166;188;165;188
124.737762;166;188;165;188
124.773824;167;187;166;189
124.805873;167;187;166;188
124.837876;167;187;166;188
124.873786;167;188;166;188
124.906066;167;188;166;188
124.937735;167;188;166;188
124.969885;167;188;166;188
125.007959;167;188;166;189
125.038844;166;189;166;189
125.072130;166;189;165;189
125.109762;166;189;165;190
125.141892;166;189;165;190
125.171123;165;189;164;190
125.208289;165;189;164;190
125.237893;165;189;164;190
125.269779;164;189;164;191
125.305859;164;189;163;190
125.338104;164;189;163;190
125.369935;164;189;163;190
125.406923;163;189;163;191
125.438522;163;189;163;191
125.470156;163;189;163;191
125.501754;163;189;163;191
125.537747;164;189;163;191
125.569966;164;189;163;191
125.601838;164;191;164;191
125.637882;176;167;165;192
125.669723;173;171;166;193
125.702093;174;170;168;193
125.738837;176;170;170;194
125.769963;178;170;172;194
125.802021;180;170;173;194
125.837840;181;170;174;194
125.869915;182;170;174;194
125.902025;182;171;174;193
125.937830;183;171;175;193
125.969755;183;171;175;193
126.001890;183;171;175;193
126.037777;183;171;175;193
126.069779;183;171;175;193
126.101979;183;171;175;193
126.133835;182;171;174;193
126.170064;182;171;174;194
126.202194;181;171;174;194
126.234161;181;171;173;194
126.270175;180;172;172;194
126.302094;180;172;172;194
126.333795;180;172;172;194
126.370087;180;172;172;194
126.401774;180;172;172;194
126.433924;180;172;172;194
126.469990;180;173;172;194
126.501809;181;172;173;194
126.534035;182;172;174;194
126.570177;181;176;175;194
126.601948;182;177;176;195
126.634614;184;176;177;195
126.665912;186;176;179;195
126.701747;188;176;181;194
126.734628;190;175;182;194
126.765762;191;175;184;194
126.802016;194;174;185;194
126.834191;196;174;188;193
126.865856;198;173;190;192
126.902095;203;170;194;188
126.933816;206;167;197;185
126.966118;210;163;201;181
127.001802;212;160;204;176
127.034187;209;173;206;174
127.065779;210;172;207;172
127.101998;210;171;208;170
127.133799;210;170;208;169
127.166323;210;169;208;168
127.197916;210;167;208;167
127.233971;206;169;206;168
127.265717;205;169;204;168
127.298184;204;169;201;170
127.333913;202;170;194;178
127.365955;198;171;195;172
127.397914;194;173;192;174
127.433998;193;173;189;175
127.465810;191;173;187;175
127.497921;189;174;186;176
127.533807;188;173;185;176
127.565731;187;174;184;176
127.597815;186;174;184;176
127.634338;186;173;183;175
127.665766;185;173;183;175
127.697970;185;173;183;174
127.733783;184;173;180;183
127.765935;184;173;179;182
127.797794;183;172;178;182
127.829789;182;172;178;181
127.865856;182;172;177;181
127.897935;181;172;177;181
127.929922;181;172;177;180
127.965767;180;172;177;180
127.997979;180;172;177;180
128.029844;181;171;177;179
128.066105;181;170;178;179
128.098606;181;170;178;179
128.130046;181;170;178;179
128.165886;181;170;178;179
128.198669;181;170;178;179
128.230632;181;170;178;179
128.267191;180;171;177;179
128.298119;180;171;177;179
128.329913;180;171;177;179
128.361946;180;171;177;179
128.397774;180;171;177;179
128.429981;180;171;177;180
128.461939;180;171;177;180
128.498185;180;171;177;180
128.529897;180;171;176;180
128.561957;180;171;176;180
128.597831;180;171;176;180
128.631134;179;171;175;180
128.661911;179;171;175;181
128.698705;179;170;174;181
128.730244;180;169;174;181
128.762127;180;169;173;181
128.797796;180;169;173;181
128.829966;178;170;173;181
128.861946;179;169;172;181
128.894079;179;169;172;181
128.929737;179;169;172;181
128.961996;179;169;172;181
128.993757;179;169;172;181
129.029983;179;169;172;181
129.062021;179;169;171;181
129.094029;179;169;171;181
129.129743;178;169;171;181
129.161993;178;169;171;181
129.193752;178;169;171;181
129.229904;178;169;171;181
129.261755;178;169;171;181
129.293865;178;169;171;181
129.331023;178;169;170;181
129.362751;178;169;170;181
129.395577;178;169;172;173
129.429931;178;169;172;172
129.461800;177;169;172;172
129.493751;177;169;172;172
129.525767;177;169;172;172
129.562849;177;169;172;172
129.593939;177;169;172;172
129.626012;177;169;172;172
129.661840;176;169;172;172
129.693859;176;169;171;172
129.725779;176;169;171;172
129.761829;176;169;171;172
129.793841;175;169;171;172
129.826093;175;169;171;172
129.861850;175;169;171;172
129.893953;175;169;170;172
129.925864;175;169;170;172
129.961954;175;169;170;173
129.993760;175;170;170;173
130.025963;175;169;170;173
130.057802;175;169;170;173
130.094167;175;169;170;173
130.125798;175;169;170;173
130.157990;175;169;170;173
130.193749;175;170;170;173
130.226303;175;170;170;173
130.257977;175;170;170;173
130.293876;175;170;170;173
130.325661;174;170;170;173
130.358017;174;170;170;173
130.393811;174;170;169;173
130.425825;174;170;169;174
130.457843;173;171;169;174
130.494508;173;171;169;174
130.527309;173;171;169;174
130.559620;172;171;168;174
130.589725;172;171;168;174
130.625985;172;171;168;174
130.657858;172;171;168;174
130.689942;172;171;168;174
130.725878;172;171;168;174
130.757797;172;171;168;174
130.790113;172;171;168;174
130.825773;172;171;168;174
130.857947;173;171;168;174
130.889845;173;171;169;174
130.925971;173;171;169;174
130.957763;173;171;169;174
130.989876;173;171;169;174
131.025831;173;171;169;174
131.058009;173;171;169;174
131.089928;174;171;170;174
131.125931;174;171;170;174
131.157746;174;171;170;175
131.189911;175;171;170;175
131.221841;175;171;170;175
131.258143;175;171;171;175
131.289792;175;171;171;175
131.321909;176;170;171;175
131.357806;176;170;171;175
131.390030;176;170;171;175
131.421818;176;170;171;175
131.458016;176;170;171;175
131.489804;176;170;171;175
131.521975;176;170;171;175
131.557851;176;170;171;175
131.589982;176;170;171;175
131.622936;176;170;169;182
131.665416;175;170;169;182
131.692692;175;170;169;182
131.722606;175;170;168;182
131.756452;174;170;168;182
131.791133;174;170;170;173
131.822186;173;171;169;174
131.854017;172;171;168;175
131.889849;171;171;167;175
131.922187;170;172;165;176
131.953740;168;173;164;177
131.989803;166;174;162;178
132.021723;165;174;161;178
132.053886;164;175;161;178
132.089731;163;175;160;178
132.122058;163;175;160;177
132.154134;162;175;159;177
132.189782;162;175;159;177
132.221891;162;175;159;177
132.253776;161;175;159;177
132.286151;161;175;158;177
132.321806;162;174;159;177
132.354130;162;174;159;177
132.386034;162;174;159;176
132.421903;162;174;159;176
132.453857;162;174;159;176
132.486027;163;173;159;176
132.521871;163;173;159;175
132.553948;163;172;159;175
132.585873;163;172;159;175
132.622148;163;172;159;175
132.653789;163;172;159;175
132.685982;163;172;159;175
132.721917;163;172;158;175
132.754826;163;171;158;175
132.786852;162;172;158;174
132.822148;162;171;158;174
132.853805;162;171;158;174
132.886895;162;171;158;174
132.918238;162;171;157;174
132.954754;162;171;157;174
132.988609;161;172;157;174
133.017990;161;172;157;174
133.053733;161;172;157;174
133.086042;161;172;157;174
133.118092;161;172;157;174
133.154276;161;172;157;174
133.185793;161;172;157;174
133.217888;161;172;157;174
133.253776;161;172;157;174
133.286052;161;172;157;174
133.317918;161;172;157;174
133.353904;161;172;156;175
133.386030;160;173;156;175
133.417861;160;173;156;175
133.450063;160;173;156;175
133.485743;158;174;155;176
133.518360;157;174;154;176
133.549844;156;175;153;177
133.586648;155;175;152;177
133.617771;153;176;151;177
133.651210;153;176;150;178
133.685738;152;176;149;178
133.717867;151;177;148;179
133.749720;150;177;147;179
133.785921;149;177;147;179
133.817742;149;177;146;179
133.849731;148;177;146;179
133.885872;147;178;145;179
133.917690;147;178;145;179
133.949880;147;178;144;180
133.981819;147;178;144;180
134.017833;147;178;144;180
134.049972;147;178;144;179
134.082074;147;178;144;179
134.118186;147;178;145;179
134.150567;148;177;145;179
134.183011;148;177;146;179
134.217866;149;177;146;179
134.250016;149;177;147;179
134.281970;151;176;148;178
134.318150;151;176;148;178
134.349802;152;176;149;178
134.382163;153;176;150;178
134.417895;154;176;151;178
134.450053;154;176;151;178
134.481945;155;176;152;178
134.517918;155;176;152;178
134.549764;156;175;152;178
134.582008;156;175;152;178
134.613792;156;176;153;178
134.649979;156;176;153;178
134.681725;156;176;153;178
134.714137;156;176;153;178
134.749785;156;176;153;178
134.782115;157;176;153;178
134.814010;157;176;153;179
134.850283;157;176;153;179
134.882398;156;176;153;179
134.913751;156;176;153;179
134.950092;156;176;153;179
134.982001;156;176;153;178
135.014098;155;177;153;178
135.049920;155;177;153;178
135.081910;155;177;152;178
135.114316;155;177;152;178
135.145937;154;177;152;178
135.182080;154;177;152;179
135.213815;154;177;152;178
135.246225;154;177;152;178
135.283106;154;177;152;178
135.313742;154;177;152;178
135.346118;154;177;152;178
135.381761;155;176;152;178
135.413870;155;176;153;178
135.445766;155;176;153;178
135.481945;156;176;153;178
135.513727;156;176;154;177
135.545854;156;176;154;177
135.581766;157;176;155;177
135.613983;157;176;155;177
135.645802;157;176;155;177
135.677927;158;176;156;177
135.713731;158;176;156;177
135.745895;159;175;156;178
135.777890;159;175;156;177
135.813731;159;175;156;177
135.845792;159;175;156;177
135.877784;159;175;156;177
135.913829;159;175;156;177
135.945911;160;175;157;177
135.978115;160;175;157;177
136.013716;160;175;157;177
136.045925;160;175;157;177
136.077785;160;175;157;178
136.113989;160;175;157;177
136.145789;160;175;157;177
136.177947;161;175;158;177
136.213842;161;175;158;177
136.245939;161;175;158;177
136.277754;161;175;158;177
136.310068;161;175;158;177
136.345796;161;175;158;177
136.378122;161;175;158;177
136.410742;161;175;158;177
136.447527;161;175;158;177
136.480091;160;175;157;177
136.512744;160;175;157;177
136.547758;160;175;157;177
136.577876;159;176;157;177
136.609753;159;176;157;177
136.645860;159;176;157;177
136.678248;159;176;157;177
136.709789;159;176;157;177
136.748489;159;176;157;177
136.777744;159;176;157;177
136.810087;159;175;157;176
136.842058;159;175;157;176
136.878561;159;175;157;176
136.909767;159;175;157;176
136.941874;159;175;157;176
136.977762;159;175;157;176
137.009779;159;175;157;176
137.042090;159;175;157;176
137.077868;160;174;157;175
137.109955;160;174;158;175
137.141828;160;174;158;175
137.178074;161;174;159;174
137.209868;162;173;159;174
137.241991;162;173;160;174
137.278300;163;173;161;173
137.310216;164;172;161;173
137.341849;164;172;162;173
137.374262;166;171;163;172
137.409734;167;171;164;172
137.441830;169;170;166;171
137.473757;170;170;167;171
137.510245;171;170;168;171
137.543777;172;169;169;171
137.576032;173;169;169;172
137.612297;173;169;170;171
137.645091;174;169;170;171
137.674300;174;169;171;171
137.709757;175;169;171;171
137.741954;175;169;171;172
137.773724;174;169;171;171
137.809925;173;169;170;172
137.841786;173;170;170;171
137.873990;172;170;169;171
137.909813;171;170;168;172
137.941882;171;170;168;172
137.973730;171;170;168;172
138.006173;170;171;167;173
138.041853;170;171;167;173
138.074147;170;171;167;173
138.105771;170;170;167;172
138.142848;170;170;167;172
138.173922;171;170;168;172
138.205867;172;169;168;172
138.242115;172;169;169;171
138.274988;173;169;169;171
138.305800;173;169;170;171
138.341921;174;169;170;171
138.373771;174;169;168;179
138.406077;174;169;170;172
138.441805;175;169;171;172
138.474215;175;169;171;172
138.505852;175;169;171;172
                                                                                                                                                                                                                                                                                                                                                                                                                                                                                                                                                                                                                                                                                                                                                                                                                                                                                                                                                                                                                                                                                                                                                                                                                                                                                                                                                                                                                                                                                                                                                                                                                                                                                                                                                                                                                                                                                                                                                        