time;x1;y1;x2;y2
0.000000;430;270;414;307
0.034754;431;267;412;313
0.079649;431;268;406;335
0.100041;430;268;406;334
0.135991;429;269;413;309
0.166827;429;269;413;307
0.198860;429;269;413;309
0.238084;428;270;413;307
0.270650;429;267;468;326
0.298855;429;267;469;325
0.331726;429;266;468;325
0.367678;428;267;467;324
0.402946;431;258;468;324
0.430751;430;259;466;323
0.466814;430;258;466;322
0.498810;430;257;466;321
0.531251;430;257;469;321
0.567295;430;256;469;319
0.602617;429;256;469;319
0.633626;428;257;466;318
0.666795;428;257;466;318
0.698934;427;258;466;319
0.731079;427;257;469;319
0.767235;426;261;468;319
0.798804;425;261;468;319
0.831353;426;259;467;319
0.863545;425;260;466;319
0.899318;423;266;466;319
0.931035;425;259;466;320
0.962872;424;261;462;320
0.999289;424;262;461;320
1.030898;422;268;462;321
1.062815;422;266;462;321
1.100944;421;270;462;321
1.130953;422;266;464;322
1.165422;422;266;462;322
1.199110;422;266;461;322
1.231124;422;267;461;323
1.262768;471;41;461;323
1.298949;471;41;461;323
1.332114;470;41;460;323
1.362922;470;41;460;323
1.399625;469;41;461;323
1.436839;469;41;460;323
1.462813;469;41;460;323
1.496269;468;41;459;322
1.531245;468;41;404;308
1.563129;417;265;457;322
1.599814;416;266;403;308
1.631343;415;268;402;309
1.663102;414;269;401;308
1.696343;413;267;400;308
1.731942;412;267;400;308
1.763032;412;266;399;309
1.795278;411;265;398;308
1.831122;409;272;397;309
1.863842;408;272;397;307
1.895004;410;263;397;309
1.932088;410;262;397;306
1.963715;407;270;396;311
1.994961;407;270;396;310
2.028655;406;270;396;311
2.062938;405;270;396;304
2.096069;405;270;396;302
2.127315;405;270;396;302
2.167188;404;270;396;302
2.195137;404;269;396;301
2.226972;407;259;395;310
2.263594;406;261;395;301
2.295601;406;260;442;322
2.327662;405;259;441;323
2.364381;405;259;440;323
2.396614;404;260;442;323
2.428203;404;258;442;323
2.469031;403;259;440;323
2.495075;403;258;438;323
2.529928;399;269;438;323
2.560533;402;259;437;323
2.595792;399;266;436;324
2.628768;400;261;436;324
2.659127;400;259;395;276
2.695844;398;265;395;277
2.727034;398;264;395;276
2.759010;398;264;395;275
2.794794;396;267;433;324
2.827046;399;257;432;324
2.859344;395;269;431;324
2.904091;394;270;430;325
2.904566;396;267;433;324
2.962900;397;265;432;325
2.993084;395;268;394;278
3.024939;394;269;394;278
3.060743;399;259;394;279
3.093207;394;272;394;279
3.125790;400;259;395;277
3.162691;395;273;395;277
3.192880;401;260;395;279
3.225075;395;273;396;279
3.259811;396;273;396;280
3.291964;396;272;394;304
3.323790;396;274;394;305
3.360614;403;261;395;307
3.392834;407;258;395;307
3.424503;408;257;588;422
3.463199;408;258;558;337
3.492145;506;413;396;286
3.523973;488;411;488;406
3.561016;484;401;487;389
3.595798;485;401;488;386
3.624160;488;403;490;394
3.662162;491;411;396;286
3.693553;504;396;396;287
3.724112;407;259;396;287
3.760222;407;261;396;287
3.792168;561;340;397;288
3.823980;407;260;397;288
3.856339;408;260;397;287
3.891927;396;281;398;286
3.924077;398;279;396;332
3.956990;399;279;396;331
3.991913;399;281;397;333
4.026709;400;281;397;332
4.057385;401;281;397;333
4.092622;402;280;397;333
4.124188;402;281;397;332
4.156668;402;281;397;331
4.192729;403;281;397;330
4.225233;404;281;397;329
4.256729;404;281;397;328
4.292157;404;282;397;328
4.323891;404;282;397;328
4.356113;405;282;397;328
4.387859;405;283;397;328
4.424970;404;284;397;328
4.456807;404;285;398;320
4.488050;404;286;398;321
4.526178;403;288;398;322
4.556810;403;288;397;323
4.588748;403;289;397;324
4.624833;402;290;397;325
4.656547;402;291;397;328
4.687891;402;291;396;329
4.723820;402;291;396;329
4.755865;402;285;400;294
4.787793;402;284;400;294
4.823850;402;286;399;293
4.855905;402;283;399;293
4.890363;401;285;399;292
4.924619;401;285;398;293
4.956008;401;284;398;293
4.988135;400;289;398;293
5.020261;400;288;397;293
5.056003;400;288;397;293
5.088124;400;283;397;292
5.121077;399;288;397;293
5.156163;399;288;397;292
5.188227;399;286;397;292
5.220555;399;287;397;292
5.255984;399;287;397;292
5.288225;400;283;397;292
5.320232;399;283;397;293
5.356868;399;286;397;293
5.388612;399;284;397;293
5.420168;399;284;397;293
5.469737;399;284;397;293
5.470130;399;286;397;293
5.522743;400;288;397;294
5.554197;400;284;397;293
5.585820;400;288;397;293
5.622470;400;289;398;294
5.654587;400;288;446;43
5.685846;401;287;446;43
5.721982;401;289;446;43
5.755956;401;289;446;43
5.786366;401;288;446;43
5.818857;401;289;447;43
5.854087;401;286;447;43
5.885873;401;289;447;43
5.918216;401;288;447;43
5.954131;401;288;447;43
5.985899;402;285;447;43
6.017847;402;285;447;43
6.053912;402;285;447;43
6.086488;402;285;448;43
6.118727;402;285;448;43
6.153812;402;285;448;43
6.185849;402;288;448;43
6.224279;402;287;448;43
6.229089;402;285;448;43
6.284363;403;288;400;293
6.315350;404;281;399;299
6.354012;403;287;394;327
6.385860;403;285;449;43
6.416871;403;285;449;43
6.453461;403;288;400;293
6.485776;406;279;450;43
6.526443;403;285;401;293
6.552791;403;284;450;43
6.585360;403;284;450;43
6.616984;403;285;450;43
6.653011;404;283;450;43
6.684945;404;283;451;43
6.716843;404;284;401;294
6.756939;404;284;401;294
6.784832;404;286;401;293
6.818779;404;285;401;293
6.849105;404;285;401;293
6.886230;404;284;401;293
6.916950;404;283;401;293
6.949123;404;283;401;293
6.985553;404;283;401;293
7.017122;404;287;451;43
7.049270;403;287;393;335
7.084784;404;285;451;43
7.121087;404;284;401;293
7.148839;404;285;401;293
7.184994;403;286;401;293
7.216799;403;286;401;293
7.269616;403;285;400;293
7.270035;404;285;401;293
7.316083;404;282;450;43
7.350937;403;282;400;294
7.382916;402;287;400;294
7.415800;402;286;449;43
7.450880;402;283;399;293
7.483005;402;283;399;293
7.515940;402;283;399;294
7.556951;402;283;399;294
7.582909;402;283;399;294
7.615030;402;283;399;294
7.646936;401;286;399;294
7.683191;401;289;399;294
7.717710;402;284;398;294
7.746949;401;285;398;294
7.783596;401;285;398;294
7.814893;401;286;398;294
7.846866;401;285;398;294
7.883331;401;285;398;294
7.914880;401;285;398;294
7.947384;401;286;398;294
7.982961;402;285;398;294
8.014998;402;285;398;294
8.046845;402;285;398;294
8.098670;402;284;398;294
8.115178;402;284;398;294
8.147760;401;288;398;294
8.183519;402;284;398;294
8.215087;402;285;398;294
8.246971;401;285;398;294
8.279008;401;285;398;294
8.314941;401;285;398;294
8.348004;401;286;398;294
8.379164;401;286;398;294
8.414934;400;289;397;294
8.447148;400;289;397;295
8.479033;400;288;397;295
8.515306;399;288;396;295
8.544681;399;288;396;293
8.580056;398;283;376;377
8.612755;397;287;375;377
8.648030;397;287;396;291
8.680205;399;284;396;291
8.712042;399;284;396;290
8.748186;400;281;396;290
8.779919;401;281;397;290
8.812725;401;280;397;291
8.848353;402;282;398;289
8.880064;402;281;398;291
8.911985;403;282;399;290
8.943859;403;282;399;290
8.992967;404;282;399;290
8.997946;402;281;398;291
9.045429;405;279;400;289
9.080384;405;282;401;290
9.111928;404;287;400;291
9.145582;404;285;401;290
9.179888;404;285;401;290
9.212369;405;285;401;290
9.243955;404;288;401;291
9.281150;405;287;402;291
9.311938;405;284;402;291
9.347558;405;285;402;291
9.381192;406;285;402;291
9.415244;406;284;402;292
9.447912;406;283;395;324
9.479890;406;287;395;327
9.511948;406;287;403;291
9.554821;406;287;403;291
9.576148;406;287;395;327
9.623564;406;287;396;324
9.644088;406;287;396;325
9.676050;406;287;396;325
9.712454;407;286;396;324
9.743931;407;285;396;324
9.781564;407;286;396;324
9.811040;407;286;396;324
9.845869;407;286;396;324
9.879529;407;286;396;324
9.910868;408;282;396;324
9.943131;408;282;395;330
9.974917;408;281;395;329
10.010970;408;281;395;330
10.042898;408;281;395;331
10.076953;408;282;395;330
10.112491;408;282;395;330
10.142953;408;282;395;330
10.175534;408;281;395;329
10.210862;408;282;395;327
10.242756;408;282;395;329
10.274900;408;282;395;328
10.310822;408;281;395;327
10.343869;407;286;395;328
10.378977;407;282;394;333
10.411757;407;282;395;328
10.443047;407;282;395;328
10.475673;407;282;395;328
10.506940;406;282;395;327
10.547252;406;282;395;327
10.574964;406;287;395;326
10.608184;406;283;402;292
10.642817;405;285;402;292
10.674843;405;286;401;292
10.707681;405;282;401;292
10.742954;404;285;401;292
10.775773;404;285;380;375
10.810430;404;283;380;375
10.842881;404;284;380;375
10.875056;405;286;380;375
10.907137;405;283;380;375
10.944059;405;286;381;375
10.974988;434;339;382;374
11.009794;407;289;395;333
11.038985;408;282;396;333
11.076291;409;286;396;335
11.107120;410;285;397;335
11.139007;438;337;398;333
11.174948;411;291;398;334
11.206996;441;338;400;335
11.240708;413;292;401;335
11.274841;415;290;402;335
11.306906;416;291;404;334
11.339943;417;294;405;336
11.375639;475;41;407;336
11.407444;476;41;409;336
11.439835;478;41;411;335
11.475532;479;41;414;335
11.507206;480;44;418;335
11.539970;482;45;423;334
11.575092;485;44;427;330
11.607039;490;43;432;326
11.639609;496;41;438;321
11.672038;416;436;416;433
11.709113;506;41;446;337
11.747750;451;336;463;296
11.773101;460;331;471;294
11.808546;472;325;487;277
11.841935;512;242;496;292
11.871986;525;242;508;313
11.906862;541;239;525;311
11.932662;472;325;487;277
11.982094;569;235;559;305
12.008954;583;230;574;301
12.039405;351;140;346;369
12.070847;351;140;346;369
12.107693;351;140;346;369
12.140781;352;140;346;369
12.170919;352;140;348;369
12.202931;351;140;348;369
12.238871;352;140;348;369
12.271084;352;140;348;369
12.302869;352;140;348;369
12.339133;352;140;348;369
12.371019;352;140;348;369
12.402988;352;140;348;369
12.438976;351;140;348;369
12.471884;352;140;348;369
12.502932;352;140;348;369
12.538911;352;140;348;369
12.574228;352;140;348;369
12.602757;352;140;347;369
12.638972;352;140;348;369
12.671012;352;140;347;369
12.702896;352;140;347;369
12.735055;351;140;347;369
12.770806;352;140;347;369
12.802883;352;140;347;369
12.835231;352;140;347;369
12.870942;351;140;347;369
12.902777;351;140;347;369
12.939656;352;140;347;369
12.971114;352;140;347;369
13.024430;352;140;348;369
13.027232;351;140;347;369
13.071826;352;140;348;369
13.103834;352;140;347;369
13.135077;353;140;347;369
13.170841;352;140;348;369
13.203098;351;140;347;369
13.234787;352;140;348;369
13.271014;352;140;347;369
13.302921;351;140;347;369
13.332498;352;140;347;369
13.367836;351;140;347;369
13.404154;352;140;347;369
13.435781;352;140;347;369
13.468751;352;140;347;369
13.500170;352;140;347;369
13.536096;352;140;347;369
13.567980;352;140;347;369
13.599788;352;140;347;369
13.635914;352;140;347;369
13.674234;352;140;347;369
13.674748;352;140;347;369
13.733856;352;140;348;369
13.765923;352;140;347;369
13.813109;352;140;347;369
13.834357;352;140;347;369
13.865982;351;140;347;369
13.902086;351;140;348;369
13.934136;351;140;348;369
13.965940;352;140;347;369
14.002111;352;140;348;369
14.041735;351;140;348;369
14.042263;351;140;348;369
14.101898;352;140;348;369
14.134005;352;140;347;369
14.165716;352;140;348;369
14.202526;352;140;348;369
14.234950;352;140;348;369
14.265951;352;140;348;369
14.298832;352;140;347;369
14.333948;352;140;348;369
14.365865;352;140;348;369
14.397818;352;140;348;369
14.434125;352;140;348;369
14.465927;352;140;348;369
14.497933;352;140;348;369
14.533806;352;140;347;369
14.565908;352;140;347;369
14.597857;352;140;348;369
14.634023;352;140;347;369
14.665795;352;140;347;369
14.697943;352;140;347;369
14.733824;352;140;347;369
14.765967;352;140;347;369
14.797897;352;140;348;369
14.833837;352;140;347;369
14.866029;352;140;347;369
14.898050;352;140;347;369
14.930012;352;140;348;369
14.965826;352;140;348;369
14.998005;352;140;348;369
15.029783;352;140;348;369
15.066178;352;140;348;369
15.099845;352;140;348;369
15.130084;352;140;347;369
15.166673;352;140;348;369
15.197953;352;140;347;369
15.229832;352;140;347;369
15.265896;352;140;348;369
15.298024;352;140;348;369
15.330074;352;140;348;369
15.366007;352;140;348;369
15.398688;352;140;347;369
15.429872;352;140;348;369
15.462816;352;140;348;369
15.497777;352;140;347;369
15.529881;352;140;347;369
15.562015;352;140;347;369
15.603581;352;140;347;369
15.607467;352;140;347;369
15.677112;352;140;348;369
15.694781;352;140;348;369
15.730830;352;140;347;369
15.750081;352;140;347;369
15.796929;352;140;348;369
15.828807;352;140;348;369
15.861035;352;140;347;369
15.897861;352;140;348;369
15.929012;352;140;348;369
15.960869;352;140;348;369
15.996823;352;140;347;369
16.028900;352;140;348;369
16.060745;352;140;348;369
16.097087;352;140;348;369
16.129987;352;140;348;369
16.160823;352;140;348;369
16.185624;352;140;348;369
16.228880;352;140;348;369
16.260803;352;140;348;369
16.297070;353;140;348;369
16.328833;352;140;348;369
16.361021;352;140;347;369
16.398065;352;140;348;369
16.428971;352;140;348;369
16.460810;352;140;347;369
16.493448;352;140;347;369
16.528962;352;140;347;369
16.561046;352;140;347;369
16.592878;352;140;348;369
16.628929;352;140;347;369
16.661547;352;140;348;369
16.692981;352;140;347;369
16.728892;352;140;347;369
16.760897;352;140;347;369
16.792773;352;140;347;369
16.829667;352;140;347;369
16.862805;352;140;347;369
16.892854;352;140;347;369
16.929231;352;140;348;369
16.960909;352;140;348;369
16.992997;352;140;348;369
17.024810;352;140;347;369
17.061018;352;140;348;369
17.092819;352;140;348;369
17.125014;352;140;348;369
17.161135;352;140;348;369
17.193226;352;140;347;369
17.227673;352;140;347;369
17.260970;352;140;347;369
17.294840;352;140;347;369
17.324813;352;140;347;369
17.361844;352;140;346;369
17.392807;352;140;346;369
17.424786;352;140;346;369
17.460845;352;140;346;369
17.492924;352;140;346;369
17.524933;352;140;346;369
17.556986;352;140;346;369
17.593599;352;140;345;369
17.624862;352;140;344;369
17.658784;352;140;343;369
17.693066;351;140;341;369
17.724876;351;140;339;369
17.756994;350;140;334;368
17.793133;349;140;328;368
17.825582;347;140;323;367
17.856942;344;140;362;223
17.892891;342;140;361;223
17.925031;339;140;359;222
17.956843;337;140;292;363
17.992893;336;139;289;361
18.024956;334;139;284;361
18.057011;332;139;280;360
18.093029;330;139;278;359
18.131211;329;139;275;359
18.135088;334;139;284;361
18.191446;325;138;273;359
18.224950;325;138;273;359
18.256961;324;138;273;360
18.289793;324;138;275;361
18.325053;325;138;278;361
18.368848;326;138;282;362
18.369371;324;138;273;360
18.425577;327;139;291;364
18.456744;329;139;569;436
18.488949;331;139;584;436
18.524832;334;139;600;432
18.556811;336;139;323;368
18.588989;338;140;329;368
18.624904;341;140;337;369
18.656744;345;140;345;369
18.689043;349;140;353;369
18.721626;352;140;361;369
18.756847;355;140;368;369
18.789020;358;140;375;369
18.821519;361;140;382;368
18.856741;364;139;388;368
18.888942;366;139;394;367
18.926001;368;139;399;366
18.957476;370;139;403;366
18.988946;372;138;407;365
19.021011;373;138;409;365
19.056780;373;138;410;365
19.088761;374;138;411;365
19.121037;374;138;412;364
19.156934;374;138;412;364
19.189094;374;138;411;365
19.220864;374;138;410;365
19.252875;373;138;409;365
19.288858;372;138;406;366
19.321680;370;139;403;366
19.354277;370;139;398;367
19.388843;368;139;394;367
19.420993;367;139;389;368
19.452816;366;139;383;368
19.488984;365;139;378;369
19.521565;363;139;372;369
19.553523;361;140;366;369
19.589994;359;140;360;369
19.621054;358;140;353;369
19.652889;356;140;346;369
19.688974;354;140;340;369
19.720879;352;140;333;368
19.752891;349;140;327;368
19.788833;347;140;323;367
19.820870;344;140;321;367
19.852988;342;140;354;244
19.884970;340;140;353;243
19.921430;339;140;357;221
19.952792;337;140;356;222
19.984965;336;139;353;246
20.020846;335;139;293;365
20.053595;334;139;292;365
20.084902;333;139;291;365
20.120963;332;139;291;365
20.153805;332;139;292;365
20.184852;332;139;292;365
20.220948;332;139;293;366
20.252810;333;139;349;244
20.285071;334;139;350;244
20.320897;334;139;353;223
20.353493;335;139;353;218
20.384890;336;140;321;368
20.417071;337;140;323;368
20.452800;339;140;326;368
20.485039;341;140;332;369
20.516803;343;140;337;369
20.552963;345;140;343;369
20.584979;348;140;348;369
20.617104;351;140;353;369
20.652984;352;140;358;369
20.685358;354;140;363;369
20.717090;356;140;367;369
20.752781;358;140;372;369
20.785658;359;140;376;369
20.819051;360;140;379;369
20.852974;361;140;382;368
20.884849;362;140;384;368
20.917072;364;139;386;368
20.948857;365;139;388;368
20.985532;365;139;389;368
21.023065;366;139;389;368
21.048895;366;139;390;368
21.086788;366;139;390;367
21.116765;366;139;389;368
21.148919;365;139;388;368
21.185033;365;139;386;368
21.216985;365;139;385;368
21.248919;365;139;382;368
21.285130;364;139;380;368
21.316806;363;140;377;369
21.349561;362;140;374;369
21.384953;361;140;370;369
21.417077;361;140;366;369
21.450498;360;140;363;369
21.485193;359;140;359;369
21.516769;358;140;354;369
21.548937;357;140;350;369
21.581086;356;140;346;369
21.616901;354;140;342;369
21.649085;353;140;338;369
21.680920;352;140;335;368
21.716985;350;140;331;368
21.749086;348;140;329;368
21.781044;346;140;326;368
21.817252;344;140;324;368
21.848966;343;140;323;368
21.881070;342;140;322;367
21.916969;341;140;322;367
21.949465;340;140;322;367
21.981159;340;140;322;367
22.017034;339;140;322;367
22.049527;339;140;322;367
22.080962;339;140;322;367
22.113062;340;140;322;367
22.148895;340;140;323;368
22.180907;340;140;324;368
22.213067;341;140;325;368
22.248913;342;140;327;368
22.280794;343;140;329;369
22.312838;343;140;332;369
22.348892;344;140;334;369
22.380954;345;140;338;369
22.412860;346;140;341;369
22.449092;347;140;343;369
22.480901;348;140;346;369
22.512714;350;140;348;369
22.548973;351;140;351;369
22.580935;352;140;353;369
22.614880;352;140;356;369
22.644976;353;140;358;369
22.680917;354;140;360;369
22.713000;355;140;361;369
22.744931;356;140;363;369
22.780821;356;140;364;369
22.813056;357;140;365;369
22.844820;357;140;366;369
22.881358;358;140;367;369
22.912928;358;140;367;369
22.944979;358;140;367;369
22.978836;358;140;366;369
23.011258;358;140;366;369
23.046854;358;140;365;369
23.079050;358;140;364;369
23.111097;358;140;363;369
23.146781;358;140;362;369
23.179173;357;140;361;369
23.211019;357;140;360;369
23.246785;357;140;359;369
23.278956;357;140;358;369
23.310863;357;140;357;369
23.346911;357;140;355;369
23.378908;357;140;354;369
23.410828;357;140;352;369
23.447042;356;140;350;369
23.479081;356;140;349;369
23.511149;356;140;348;369
23.543012;355;140;346;369
23.579096;354;140;345;369
23.610937;354;140;344;369
23.642948;353;140;343;369
23.678930;352;140;342;369
23.711079;351;140;341;369
23.743012;351;140;341;369
23.778741;351;140;340;369
23.810975;350;140;340;369
23.843201;349;140;340;369
23.878909;349;140;340;369
23.910862;349;140;341;369
23.942852;349;140;341;369
23.979028;350;140;342;369
24.011109;350;140;343;369
24.042866;350;140;344;369
24.074897;350;140;345;369
24.111447;350;140;345;369
24.143057;351;140;346;369
24.175305;351;140;346;369
24.220191;351;140;347;369
24.243136;351;140;347;369
24.274791;351;140;348;369
24.311114;351;140;348;369
24.344661;351;140;349;369
24.374822;351;140;349;369
24.412271;351;140;349;369
24.442789;351;140;349;369
24.474848;351;140;349;369
24.510839;351;140;349;369
24.542843;351;140;349;369
24.574802;351;140;349;369
24.611167;351;140;349;369
24.643198;351;140;349;369
24.674932;351;140;349;369
24.706985;351;140;349;369
24.742914;351;140;348;369
24.787623;351;140;348;369
24.789993;351;140;349;369
24.842103;352;140;346;369
24.877022;352;140;346;369
24.908940;351;140;345;369
24.940919;352;140;345;369
24.972991;351;140;344;369
25.008830;351;140;344;369
25.041087;351;140;344;369
25.072932;352;140;344;369
25.109051;352;140;344;369
25.140792;352;140;343;369
25.172968;352;140;343;369
25.209590;352;140;343;369
25.240813;351;140;343;369
25.276546;352;140;343;369
25.309981;351;140;344;369
25.341666;351;140;344;369
25.372818;352;140;344;369
25.409086;352;140;345;369
25.440909;351;140;345;369
25.473225;352;140;346;369
25.504837;352;140;346;369
25.541089;352;140;346;369
25.573673;352;140;347;369
25.605010;352;140;347;369
25.641877;352;140;348;369
25.672869;352;140;348;369
25.704921;352;140;348;369
25.740953;351;140;348;369
25.773136;352;140;349;369
25.804884;352;140;349;369
25.840993;352;140;349;369
25.874000;352;140;349;369
25.905355;352;140;349;369
25.942620;352;140;349;369
25.972897;352;140;349;369
26.004910;352;140;349;369
26.037214;352;140;349;369
26.073871;352;140;349;369
26.105216;352;140;349;369
26.137292;352;140;349;369
26.172932;352;140;348;369
26.205089;352;140;345;369
26.242015;352;140;344;370
26.273390;352;140;344;370
26.315106;352;140;346;370
26.337372;351;140;345;369
26.377278;351;140;344;369
26.405172;352;140;343;370
26.440736;351;140;343;370
26.473024;352;140;343;370
26.505034;351;140;360;232
26.536866;351;140;360;232
26.573515;351;140;360;232
26.604919;351;140;360;232
26.637125;351;140;360;232
26.668778;351;140;361;231
26.705036;352;140;360;232
26.736788;352;140;362;229
26.768979;353;140;362;229
26.804962;354;140;364;228
26.836911;356;140;367;228
26.868783;357;140;369;231
26.905004;359;140;372;228
26.936944;362;139;375;228
26.969061;364;139;377;232
27.005501;366;139;380;228
27.036905;368;139;383;231
27.069043;370;138;385;231
27.104870;372;138;393;387
27.136992;374;138;398;386
27.168872;376;137;404;385
27.201127;378;137;410;384
27.236814;379;137;416;383
27.269052;382;136;421;382
27.319783;384;135;427;381
27.325207;385;135;410;384
27.368929;613;281;437;378
27.401254;613;280;441;377
27.437825;391;133;445;376
27.468810;392;133;448;375
27.500979;392;133;451;374
27.536870;394;132;454;373
27.569050;395;132;456;372
27.604185;395;132;458;372
27.635615;396;131;459;371
27.666855;396;131;460;371
27.703016;396;131;460;371
27.734922;396;131;459;371
27.766823;396;131;459;372
27.805705;395;132;457;372
27.835657;395;132;455;373
27.866823;394;132;452;374
27.902759;392;133;450;375
27.934972;392;133;445;376
27.966813;390;134;441;377
28.002989;389;134;435;377
28.034854;387;135;431;378
28.067198;386;135;426;379
28.098943;384;136;419;380
28.135021;382;136;414;364
28.167086;380;137;407;365
28.199565;377;138;398;366
28.234956;372;139;390;368
28.267095;369;139;379;369
28.299823;364;140;369;370
28.334966;360;140;360;369
28.366978;355;140;351;369
28.398898;351;140;342;369
28.435093;344;140;332;368
28.466897;339;140;324;368
28.499643;336;139;321;367
28.534964;333;139;349;243
28.567113;330;139;293;366
28.599793;328;139;290;364
28.630885;327;138;287;363
28.667051;326;138;282;363
28.698874;325;138;279;362
28.730942;325;138;277;361
28.766924;325;138;276;360
28.798934;326;138;275;360
28.837524;327;138;275;359
28.839501;325;138;277;361
28.898800;329;139;277;358
28.930904;330;139;278;359
28.966842;331;139;280;359
28.999112;331;139;283;360
29.030846;332;139;286;361
29.066942;332;139;288;362
29.098989;333;139;291;364
29.131002;333;139;294;365
29.163534;334;139;353;222
29.199223;334;139;349;213
29.230970;335;139;321;368
29.262853;336;139;324;368
29.299007;336;140;329;368
29.331119;338;140;336;368
29.363323;340;140;342;368
29.398741;343;140;349;368
29.430888;346;140;356;368
29.462884;350;140;363;368
29.499110;353;140;370;368
29.530927;356;140;378;368
29.563122;359;140;384;368
29.598904;362;140;391;367
29.630965;366;139;396;367
29.663054;368;139;401;366
29.698916;370;139;405;366
29.731036;373;138;409;365
29.763091;375;138;411;365
29.794757;376;138;413;364
29.830899;377;137;414;364
29.863066;378;137;414;364
29.907998;378;137;414;364
29.930955;377;137;412;364
29.962960;376;138;410;365
29.995352;375;138;406;365
30.030784;373;138;401;366
30.065123;371;139;396;367
30.095017;369;139;390;367
30.130791;366;139;384;368
30.162919;363;140;378;368
30.194807;361;140;371;369
30.230981;358;140;364;369
30.269073;355;140;358;369
30.269386;363;140;378;368
30.327515;348;140;345;369
30.363360;345;140;339;369
30.394881;343;140;333;369
30.427088;342;140;327;368
30.467090;342;140;324;368
30.494977;341;140;322;367
30.526754;340;140;321;367
30.563220;340;140;353;243
30.594820;340;140;350;232
30.626898;339;140;350;243
30.664020;339;140;349;243
30.694905;339;140;352;245
30.727162;338;140;352;245
30.757868;338;140;352;245
30.793977;338;140;349;244
30.825859;338;140;348;229
30.862133;337;140;348;243
30.893926;337;140;350;245
30.927102;338;140;350;246
30.962019;338;140;350;246
30.995359;338;140;351;246
31.026708;338;140;351;245
31.061960;338;140;322;368
31.094111;338;140;324;368
31.125884;339;140;327;368
31.162108;339;140;331;369
31.193757;340;140;336;369
31.226001;341;140;341;369
31.262057;342;140;345;369
31.294157;344;140;350;369
31.325925;347;140;355;369
31.358108;350;140;360;369
31.402723;352;140;365;369
31.425915;355;140;370;369
31.457813;357;140;374;369
31.493815;359;140;378;369
31.527712;361;140;382;368
31.557854;364;139;386;368
31.593973;365;139;388;368
31.625809;367;139;390;368
31.657954;368;139;392;367
31.709573;368;139;393;367
31.710098;365;139;388;368
31.758541;370;139;393;367
31.794132;369;139;392;367
31.828936;368;139;390;367
31.859014;368;139;388;368
31.890007;367;139;385;368
31.928137;366;139;382;368
31.959627;365;139;379;368
31.990940;363;140;375;369
32.026758;362;140;371;369
32.060723;360;140;367;369
32.090030;358;140;362;369
32.127544;357;140;358;369
32.158106;355;140;354;369
32.194467;353;140;350;369
32.226221;352;140;346;369
32.260122;350;140;343;369
32.289994;349;140;339;369
32.332256;348;140;335;369
32.332563;352;140;346;369
32.392015;344;140;328;368
32.425921;344;140;326;368
32.458466;344;140;324;368
32.503033;343;140;323;367
32.523810;343;140;323;367
32.555964;343;140;322;367
32.592099;343;140;322;367
32.626457;343;140;322;367
32.656294;343;140;322;367
32.687750;343;140;322;367
32.716829;343;140;322;367
32.758511;343;140;322;367
32.789170;343;140;323;367
32.824769;343;140;324;368
32.856807;343;140;325;368
32.889219;343;140;326;368
32.921811;343;140;328;369
32.957361;344;140;331;369
32.997335;344;140;335;369
32.998451;343;140;326;368
33.054792;345;140;343;369
33.091326;346;140;345;369
33.123175;347;140;348;369
33.154995;349;140;350;369
33.186964;350;140;353;369
33.223096;351;140;355;369
33.255666;352;140;358;369
33.286867;353;140;361;369
33.324272;354;140;363;369
33.354897;355;140;365;369
33.387027;357;140;367;369
33.422882;358;140;369;369
33.455268;359;140;371;369
33.487926;359;140;372;369
33.523384;360;140;373;369
33.555790;360;140;373;369
33.586772;361;140;374;369
33.623117;361;140;374;369
33.654817;361;140;373;369
33.687358;361;140;372;369
33.718881;361;140;371;369
33.755016;361;140;369;369
33.786818;360;140;367;369
33.819261;360;140;366;369
33.858491;359;140;364;369
33.887460;359;140;362;369
33.919292;358;140;359;369
33.954856;357;140;356;369
33.988848;356;140;354;369
34.019350;356;140;352;369
34.055796;354;140;350;369
34.086991;354;140;348;369
34.119204;353;140;346;369
34.154806;352;140;344;369
34.187253;352;140;342;369
34.218905;351;140;340;369
34.251109;351;140;339;369
34.286862;351;140;338;369
34.319329;350;140;337;369
34.350807;350;140;336;369
34.388325;350;140;335;369
34.419611;349;140;334;369
34.452079;349;140;334;369
34.489839;349;140;334;369
34.518889;349;140;334;369
34.551186;349;140;335;369
34.586707;348;140;335;369
34.618956;349;140;336;369
34.651659;349;140;337;369
34.686924;349;140;338;369
34.718928;349;140;340;369
34.751903;349;140;340;369
34.786873;349;140;342;369
34.819312;349;140;343;369
34.851192;349;140;344;369
34.883203;349;140;346;369
34.920740;349;140;346;369
34.951083;349;140;348;369
34.982947;349;140;348;369
35.018939;350;140;349;369
35.050833;350;140;350;369
35.083871;351;140;351;369
35.119012;351;140;352;369
35.150832;352;140;353;369
35.183318;352;140;354;369
35.218843;352;140;354;369
35.250958;353;140;354;369
35.283778;354;140;355;369
35.319000;354;140;355;369
35.351078;354;140;355;369
35.383326;354;140;355;369
35.415591;354;140;355;369
35.450964;354;140;355;369
35.486809;354;140;354;369
35.515709;355;140;353;369
35.550865;354;140;353;369
35.582914;354;140;352;369
35.615421;354;140;351;369
35.652922;354;140;351;369
35.682835;354;140;350;369
35.717047;354;140;349;369
35.751303;354;140;349;369
35.782804;354;140;348;369
35.815068;354;140;348;369
35.856257;354;140;347;369
35.883098;354;140;347;369
35.915697;354;140;347;369
35.947708;354;140;347;369
35.984384;354;140;347;369
36.016541;354;140;347;369
36.046892;354;140;347;369
36.083713;354;140;347;369
36.115576;354;140;348;369
36.152141;354;140;348;369
36.183499;354;140;349;369
36.215289;354;140;350;369
36.243958;354;140;348;369
36.281830;354;140;352;369
36.315960;354;140;352;369
36.349944;354;140;353;369
36.381900;354;140;354;369
36.412922;354;140;354;369
36.448999;354;140;354;369
36.481659;354;140;355;369
36.513846;354;140;355;369
36.549673;355;140;356;369
36.581813;354;140;356;369
36.615441;355;140;356;369
36.649899;355;140;356;369
36.681587;354;140;356;369
36.712857;354;140;356;369
36.752002;354;140;356;369
36.780965;354;140;356;369
36.814021;355;140;356;369
36.844940;354;140;355;369
36.880951;355;140;355;369
36.913673;355;140;354;369
36.944962;354;140;354;369
36.980907;354;140;353;369
37.012983;354;140;352;369
37.048112;354;140;352;369
37.080911;354;140;351;369
37.112916;354;140;350;369
37.145468;354;140;350;369
37.182316;354;140;349;369
37.212984;354;140;349;369
37.247136;354;140;348;369
37.267153;354;140;350;369
37.314024;353;140;347;369
37.346415;354;140;347;369
37.377978;354;140;347;369
37.416528;354;140;347;369
37.445981;354;140;347;369
37.481525;354;140;347;369
37.510093;354;140;348;369
37.546890;354;140;348;369
37.578690;354;140;348;369
37.610519;354;140;349;369
37.646950;354;140;349;369
37.688298;354;140;350;369
37.710554;354;140;350;369
37.747075;354;140;351;369
37.784076;354;140;352;369
37.812694;354;140;352;369
37.848230;354;140;353;369
37.877933;354;140;353;369
37.911757;354;140;354;369
37.946161;354;140;354;369
37.979980;354;140;354;369
38.009820;354;140;355;369
38.045984;354;140;355;369
38.078104;354;140;355;369
38.110214;354;140;355;369
38.141846;354;140;355;369
38.178829;355;140;355;369
38.210424;355;140;355;369
38.241902;355;140;355;369
38.279878;354;140;355;369
38.312701;354;140;355;369
38.344569;354;140;354;369
38.379344;354;140;354;369
38.410242;354;140;353;369
38.442011;354;140;353;369
38.478656;354;140;352;369
38.509818;354;140;352;369
38.544359;354;140;351;369
38.578772;354;140;350;369
38.610808;354;140;350;369
38.643287;354;140;349;369
38.676832;354;140;349;369
38.710706;354;140;348;369
38.744118;354;140;348;369
38.775276;354;140;348;369
38.810044;354;140;348;369
38.841997;354;140;348;369
38.874063;354;140;348;369
38.910008;354;140;348;369
38.942063;354;140;348;369
38.974729;354;140;348;369
39.009911;354;140;348;369
39.043171;354;140;348;369
39.074975;354;140;349;369
39.112323;354;140;349;369
39.142170;354;140;350;369
39.177671;354;140;351;369
39.206802;354;140;351;369
39.245746;354;140;352;369
39.275382;354;140;352;369
39.306233;354;140;353;369
39.342806;355;140;353;369
39.374020;354;140;354;369
39.407899;354;140;354;369
39.441934;354;140;354;369
39.474229;354;140;354;369
39.506349;354;140;355;369
39.543779;355;140;355;369
39.573904;355;140;355;369
39.608086;355;140;355;369
39.643334;354;140;355;369
39.675780;354;140;355;369
39.707126;354;140;355;369
39.744666;354;140;355;369
39.775025;355;140;354;369
39.805971;354;140;354;369
39.838483;354;140;354;369
39.874095;354;140;353;369
39.906778;355;140;353;369
39.938009;355;140;352;369
39.976725;354;140;352;369
40.006826;354;140;351;369
40.038537;354;140;351;369
40.074086;354;140;350;369
40.107783;354;140;349;369
40.138563;354;140;349;369
40.173780;354;140;349;369
40.207141;354;140;348;369
40.239811;354;140;348;369
40.275179;354;140;348;369
40.306010;354;140;348;369
40.339980;354;140;348;369
40.369840;354;140;348;369
40.406059;354;140;348;369
40.438130;354;140;348;369
40.480641;354;140;348;369
40.506058;354;140;349;369
40.541252;354;140;349;369
40.570078;354;140;350;369
40.608949;354;140;350;369
40.639268;354;140;351;369
40.670096;354;140;352;369
40.705963;354;140;352;369
40.742942;354;140;353;369
40.770592;354;140;353;369
40.805925;354;140;353;369
40.838802;354;140;354;369
40.870419;354;140;354;369
40.902595;354;140;354;369
40.937862;354;140;354;369
40.970644;354;140;354;369
41.001884;355;140;355;369
41.038552;354;140;355;369
41.070316;354;140;355;369
41.102017;354;140;355;369
41.138609;354;140;355;369
41.170243;354;140;355;369
41.201992;354;140;354;369
41.238041;354;140;354;369
41.269940;354;140;354;369
41.302205;354;140;353;369
41.339077;354;140;353;369
41.369967;354;140;353;369
41.405323;354;140;352;369
41.438821;354;140;352;369
41.469901;354;140;351;369
41.503763;354;140;351;369
41.534253;354;140;350;369
41.570909;354;140;350;369
41.602016;354;140;349;369
41.635844;354;140;349;369
41.670217;354;140;349;369
41.705822;354;140;348;369
41.737280;354;140;348;369
41.769850;354;140;348;369
41.801527;354;140;348;369
41.842515;354;140;348;369
41.868916;354;140;348;369
41.901753;354;140;348;369
41.933885;354;140;349;369
41.969117;354;140;349;369
42.001928;354;140;349;369
42.033106;354;140;350;369
42.070272;354;140;350;369
42.100979;354;140;351;369
42.133969;354;140;351;369
42.168969;354;140;352;369
42.205589;354;140;352;369
42.233334;354;140;353;369
42.271931;354;140;353;369
42.300919;354;140;354;369
42.333969;354;140;354;369
42.369732;354;140;354;369
42.400942;354;140;354;369
42.434595;354;140;354;369
42.464990;354;140;354;369
42.502718;354;140;354;369
42.534268;354;140;354;369
42.567952;354;140;354;369
42.600954;355;140;354;369
42.637147;355;140;354;369
42.665089;355;140;354;369
42.701870;354;140;354;369
42.727886;354;140;354;369
42.767661;354;140;353;369
42.803224;354;140;352;369
42.833163;354;140;352;369
42.865129;354;140;351;369
42.901140;354;140;351;369
42.942622;354;140;350;369
42.964954;354;140;350;369
43.002254;354;140;350;369
43.061953;354;140;351;369
43.062452;354;140;350;369
43.100771;354;140;348;369
43.131836;354;140;348;369
43.164160;354;140;348;369
43.199969;354;140;348;369
43.232029;354;140;348;369
43.263772;354;140;348;369
43.338658;354;140;348;369
43.339066;354;140;348;369
43.344200;354;140;348;369
43.400744;354;140;350;369
43.431805;354;140;350;369
43.463791;354;140;350;369
43.496033;354;140;350;369
43.531912;354;140;351;369
43.564146;354;140;351;369
43.595834;354;140;352;369
43.631752;354;140;352;369
43.663791;354;140;353;369
43.696088;354;140;353;369
43.732042;354;140;353;369
43.763823;354;140;354;369
43.817754;354;140;354;369
43.818290;354;140;353;369
43.863525;354;140;354;369
43.894886;354;140;354;369
43.930832;354;140;354;369
43.962847;354;140;354;369
43.994917;354;140;354;369
44.030756;354;140;354;369
44.062794;354;140;354;369
44.095714;354;140;354;369
44.130782;354;140;354;369
44.162941;354;140;354;369
44.194847;354;140;354;369
44.231161;354;140;353;369
44.263165;354;140;353;369
44.295939;354;140;353;369
44.330983;354;140;352;369
44.369669;354;140;352;369
44.395015;354;140;351;369
44.430983;354;140;350;369
44.462859;354;140;350;369
44.495721;354;140;350;369
44.536618;354;140;350;369
44.537041;354;140;350;369
44.596004;354;140;349;369
44.627988;354;140;349;369
44.661087;354;140;349;369
44.695814;354;140;349;369
44.727785;354;140;349;369
44.760130;354;140;349;369
44.795854;354;140;349;369
44.827966;354;140;349;369
44.859877;354;140;350;369
44.902931;354;140;350;369
44.928027;354;140;350;369
44.961187;354;140;350;369
44.996067;354;140;351;369
45.033800;354;140;351;369
45.060702;354;140;352;369
45.097600;354;140;352;369
45.127897;354;140;352;369
45.159816;354;140;353;369
45.192096;354;140;353;369
45.228130;354;140;353;369
45.260201;354;140;354;369
45.292186;354;140;354;369
45.328746;354;140;354;369
45.359896;354;140;354;369
45.396058;354;140;354;369
45.428618;354;140;354;369
45.461329;354;140;354;369
45.492323;354;140;354;369
45.528878;354;140;354;369
45.559810;354;140;354;369
45.591818;354;140;354;369
45.628136;354;140;354;369
45.660763;354;140;353;369
45.694372;354;140;353;369
45.723851;354;140;353;369
45.759821;354;140;352;369
45.791752;354;140;352;369
45.823924;354;140;352;369
45.859807;354;140;351;369
45.892376;354;140;351;369
45.923934;354;140;350;369
45.964853;354;140;350;369
45.992165;354;140;350;369
46.023997;354;140;350;369
46.059810;354;140;350;369
46.091940;354;140;349;369
46.123870;354;140;349;369
46.159821;354;140;349;369
46.192013;354;140;349;369
46.224055;354;140;349;369
46.260118;354;140;349;369
46.291924;354;140;349;369
46.325473;354;140;350;369
46.355929;354;140;350;369
46.391897;354;140;350;369
46.423760;354;140;350;369
46.465711;354;140;351;369
46.492442;354;140;351;369
46.527978;354;140;352;369
46.557825;354;140;352;369
46.591932;354;140;352;369
46.625209;354;140;351;369
46.657513;354;140;353;369
46.690706;354;140;354;369
46.724913;354;140;354;369
46.762815;355;140;354;369
46.788805;354;140;354;369
46.825642;354;140;354;369
46.856936;354;140;354;369
46.888977;354;140;354;369
46.925738;354;140;354;369
46.958695;354;140;354;369
46.989294;354;140;354;369
47.021606;354;140;354;369
47.047536;354;140;354;369
47.089975;354;140;353;369
47.121810;355;140;353;369
47.153867;354;140;352;369
47.189740;354;140;352;369
47.221912;354;140;353;369
47.254784;354;140;354;369
47.289805;354;140;354;369
47.322033;354;140;355;369
47.353789;354;140;355;370
47.392884;354;140;355;369
47.421920;354;140;354;369
47.458893;354;140;344;386
47.490812;354;140;344;383
47.521761;354;140;345;380
47.553737;354;140;345;378
47.595534;354;140;345;377
47.621800;354;140;345;377
47.654666;354;140;345;376
47.685902;354;140;345;377
47.721837;354;140;345;378
47.753766;354;140;345;379
47.785755;354;140;345;380
47.821867;354;140;345;380
47.853732;354;140;346;380
47.886607;354;140;346;380
47.921936;354;140;347;380
47.955057;355;140;347;381
47.985770;355;140;347;380
48.027109;355;140;347;382
48.053772;355;140;358;370
48.092379;354;140;356;370
48.122258;354;140;355;369
48.153816;355;140;354;369
48.185811;355;140;354;369
48.221825;355;140;355;369
48.253806;355;140;355;369
48.285865;355;140;355;369
48.318183;355;140;355;369
48.353757;355;140;355;369
48.390355;355;140;355;369
48.417871;355;140;355;369
48.454798;355;140;355;369
48.485777;355;140;355;369
48.517767;355;140;355;369
48.553819;355;140;355;369
48.585752;355;140;354;369
48.622509;355;140;354;369
48.653790;355;140;354;369
48.685778;355;140;353;369
48.717703;355;140;353;369
48.753902;355;140;353;369
48.786765;355;140;353;369
48.820918;355;140;352;369
48.849835;355;140;352;369
48.887689;355;140;352;369
48.917723;355;140;351;369
48.949914;354;140;351;369
48.985724;354;140;351;369
49.017760;354;140;350;369
49.049900;354;140;350;369
49.085907;354;140;350;369
49.121034;354;140;350;369
49.149815;354;140;350;369
49.185844;354;140;350;369
49.217794;354;140;350;369
49.249708;354;140;350;369
49.285848;354;140;350;369
49.317858;354;140;351;369
49.349739;354;140;351;369
49.385796;355;140;351;369
49.417714;355;140;352;369
49.450616;355;140;352;369
49.481857;355;140;353;369
49.524979;355;140;353;369
49.549692;355;140;353;369
49.581821;355;140;353;369
49.617750;355;140;353;369
49.649739;355;140;354;369
49.682591;355;140;354;369
49.717713;355;140;354;369
49.750045;355;140;354;369
49.781774;355;140;354;369
49.818845;355;140;354;369
49.849758;355;140;354;369
49.887146;355;140;354;369
49.917774;355;140;354;369
49.960451;355;140;354;369
49.981731;355;140;354;369
50.013990;355;140;354;369
50.050019;355;140;354;369
50.082806;355;140;354;369
50.113820;355;140;354;369
50.149927;354;140;353;369
50.195839;354;140;353;369
50.198688;355;140;354;369
50.246790;355;140;352;369
50.282762;354;140;352;369
50.317701;354;140;352;369
50.346970;354;140;352;369
50.383077;354;140;351;369
50.414723;354;140;351;369
50.446844;354;140;351;369
50.468857;354;140;352;369
50.514945;354;140;350;369
50.548731;354;140;350;369
50.581765;354;140;350;369
50.613616;354;140;350;369
50.648738;354;140;350;369
50.680960;354;140;351;369
50.713034;354;140;351;369
50.748843;354;140;351;369
50.781028;354;140;351;369
50.814150;354;140;351;369
50.848965;354;140;351;369
50.880754;354;140;352;369
50.914070;354;140;352;369
50.945064;355;140;352;369
50.980749;354;140;352;369
51.015706;355;140;353;369
51.039198;355;140;352;369
51.079269;355;140;354;369
51.114888;354;140;354;369
51.146898;355;140;354;369
51.178806;355;140;354;369
51.214825;354;140;354;369
51.246845;355;140;354;369
51.278693;355;140;354;369
51.311569;355;140;354;369
51.346740;355;140;354;369
51.379174;355;140;354;369
51.410837;355;140;354;369
51.447135;355;140;354;369
51.478778;355;140;354;369
51.516450;355;140;354;369
51.546716;355;140;354;369
51.586798;355;140;354;369
51.610813;355;140;354;369
51.647048;355;140;353;369
51.681134;355;140;353;369
51.710750;355;140;353;369
51.746835;355;140;353;369
51.778850;355;140;352;369
51.810826;355;140;352;369
51.843354;355;140;352;369
51.878860;355;140;352;369
51.910900;355;140;352;369
51.943306;355;140;351;369
51.979717;354;140;351;369
52.010760;355;140;351;369
52.045778;354;140;351;369
52.078731;355;140;351;369
52.110851;355;140;351;369
52.142983;355;140;351;369
52.178832;354;140;351;369
52.210881;354;140;351;369
52.243022;354;140;351;369
52.286024;354;140;351;369
52.310755;355;140;351;369
52.350700;355;140;352;369
52.374763;355;140;352;369
52.428748;354;140;352;369
52.442746;354;140;353;369
52.475193;355;140;353;369
52.510872;355;140;353;369
52.542822;355;140;353;369
52.576860;355;140;353;369
52.610730;355;140;353;369
52.646221;355;140;354;369
52.674736;355;140;354;369
52.711620;355;140;354;369
52.742770;355;140;354;369
52.774777;355;140;354;369
52.810757;355;140;354;369
52.843100;355;140;354;369
52.876791;355;140;354;369
52.910867;355;140;354;369
52.942874;355;140;354;369
52.975203;355;140;354;369
53.007747;355;140;354;369
53.042727;355;140;354;369
53.076108;355;140;354;369
53.106766;355;140;353;369
53.151476;355;140;353;369
53.175172;355;140;353;369
53.207335;355;140;353;369
53.244805;355;140;353;369
53.275558;355;140;352;369
53.307011;355;140;352;369
53.343341;355;140;352;369
53.384314;355;140;352;369
53.407874;355;140;352;369
53.443213;355;140;352;369
53.474904;355;140;351;369
53.511621;355;140;351;369
53.539258;355;140;351;369
53.574882;354;140;351;369
53.611796;355;140;351;369
53.638892;355;140;351;369
53.681208;355;140;351;369
53.707263;355;140;351;369
53.741462;354;140;351;369
53.774998;354;140;352;369
53.825214;355;140;352;369
53.825628;355;140;351;369
53.877204;355;140;352;369
53.905755;355;140;353;369
53.937843;355;140;352;369
53.973822;355;140;353;369
54.005847;355;140;353;369
54.038391;355;140;353;369
54.073717;355;140;353;369
54.109412;355;140;354;369
54.137723;355;140;354;369
54.174733;355;140;354;369
54.205786;355;140;354;369
54.237931;355;140;354;369
54.273796;355;140;354;369
54.306629;355;140;354;369
54.337945;355;140;354;369
54.373803;355;140;354;369
54.406065;355;140;354;369
54.437987;355;140;354;369
54.473922;355;140;354;369
54.506003;355;140;354;369
54.538055;355;140;354;369
54.569994;355;140;353;369
54.606450;355;140;353;369
54.638048;355;140;353;369
54.670657;355;140;353;369
54.695119;355;140;353;369
54.738807;355;140;352;369
54.783185;354;140;352;369
54.785184;355;140;353;369
54.839340;355;140;352;369
54.871783;354;140;352;369
54.906694;354;140;351;369
54.937824;354;140;351;369
54.969702;354;140;351;369
55.005850;354;140;351;369
55.037847;355;140;351;369
55.069674;355;140;351;369
55.101691;355;140;351;369
55.137720;355;140;351;369
55.169955;355;140;351;369
55.201727;355;140;352;369
55.238366;355;140;352;369
55.269705;355;140;352;369
55.302068;355;140;352;369
55.337722;355;140;352;369
55.369714;355;140;352;369
55.401758;355;140;352;369
55.437701;355;140;353;369
55.472046;355;140;353;369
55.501759;355;140;353;369
55.541689;355;140;353;369
55.569730;355;140;353;369
55.601744;355;140;353;369
55.633745;355;140;353;369
55.669739;355;140;353;369
55.703677;355;140;354;369
55.733726;355;140;354;369
55.770793;355;140;354;369
55.801754;355;140;354;369
55.833733;355;140;354;369
55.869727;355;140;354;369
55.901824;355;140;354;369
55.935875;355;140;354;369
55.969703;355;140;353;369
56.002166;355;140;353;369
56.033723;355;140;353;369
56.069719;355;140;353;369
56.101750;355;140;353;369
56.133725;355;140;353;369
56.169862;355;140;353;369
56.201727;355;140;353;369
56.236668;355;140;353;369
56.265785;355;140;353;369
56.303312;355;140;352;369
56.333811;355;140;352;369
56.365885;355;140;352;369
56.403784;355;140;352;369
56.433812;355;140;352;369
56.465925;355;140;352;369
56.501837;355;140;352;369
56.533767;355;140;352;369
56.566859;355;140;352;369
56.601710;355;140;352;369
56.633975;354;140;352;369
56.665773;355;140;352;369
56.701840;355;140;352;369
56.733778;355;140;352;369
56.765897;355;140;352;369
56.798005;355;140;352;369
56.833935;355;140;352;369
56.865913;355;140;352;369
56.897726;355;140;353;369
56.935296;355;140;353;369
56.965782;355;140;353;369
56.997752;355;140;353;369
57.033827;355;140;353;369
57.065964;355;140;353;369
57.097890;355;140;353;369
57.133808;355;140;353;369
57.166769;355;140;353;369
57.198034;355;140;353;369
57.233868;355;140;353;369
57.265877;355;140;353;369
57.297771;355;140;353;369
57.329916;355;140;353;369
57.365750;355;140;353;369
57.397806;355;140;354;369
57.429733;355;140;354;369
57.465873;355;140;353;369
57.497746;355;140;353;369
57.529710;355;140;353;369
57.565797;355;140;353;369
57.597767;355;140;353;369
57.629779;355;140;353;369
57.665911;355;140;353;369
57.697783;355;140;353;369
57.729768;355;140;353;369
57.765996;355;140;353;369
57.797711;355;140;352;369
57.829765;355;140;352;369
57.865762;355;140;352;369
57.897733;355;140;352;369
57.929869;355;140;352;369
57.961760;354;140;352;369
58.009175;355;140;352;369
58.029835;355;140;352;369
58.061731;354;140;352;369
58.098108;355;140;352;369
58.129735;355;140;352;369
58.162924;355;140;352;369
58.197885;354;140;352;369
58.229745;354;140;352;369
58.261958;354;140;352;369
58.297734;355;140;352;369
58.329987;355;140;352;369
58.361722;355;140;352;369
58.397727;354;140;352;369
58.430268;355;140;352;369
58.461750;354;140;353;369
58.493761;355;140;353;369
58.529714;355;140;353;369
58.562846;355;140;353;369
58.599938;355;140;353;369
58.629723;355;140;353;369
58.661870;355;140;353;369
58.693901;355;140;353;369
58.730332;355;140;353;369
58.761925;354;140;353;369
58.793744;355;140;353;369
58.833520;355;140;353;369
58.861912;355;140;353;369
58.893857;355;140;353;369
58.929773;355;140;353;369
58.961863;355;140;353;369
58.995095;355;140;353;369
59.025935;355;140;353;369
59.062708;355;140;353;369
59.093723;355;140;353;369
59.125740;355;140;353;369
59.162474;355;140;353;369
59.193841;355;140;353;369
59.229498;355;140;353;369
59.261834;355;140;352;369
59.294104;355;140;352;369
59.325811;355;140;352;369
59.361767;355;140;352;369
59.393880;355;140;352;369
59.425769;355;140;352;369
59.462221;355;140;352;369
59.493973;355;140;352;369
59.525687;355;140;352;369
59.561794;355;140;352;369
59.594712;355;140;352;369
59.625718;355;140;352;369
59.657737;355;140;352;369
59.693933;355;140;352;369
59.725710;355;140;352;369
59.757955;355;140;352;369
59.793747;355;140;352;369
59.825923;354;140;352;369
59.857771;355;140;352;369
59.894093;355;140;352;369
59.925785;355;140;353;369
59.957868;355;140;353;369
59.994017;355;140;353;369
60.025751;355;140;353;369
60.058772;355;140;353;369
60.093817;355;140;353;369
60.125767;355;140;353;369
60.157846;355;140;353;369
60.189998;355;140;353;369
60.225934;355;140;353;369
60.258304;355;140;353;369
60.298051;355;140;353;369
60.325752;355;140;353;369
60.358665;355;140;353;369
60.390189;355;140;353;369
60.432948;355;140;353;369
60.460611;355;140;353;369
60.489752;355;140;353;369
60.525872;355;140;353;369
60.557909;355;140;353;369
60.590157;355;140;353;369
60.626157;355;140;353;369
60.657789;355;140;353;369
60.689949;355;140;353;369
60.721923;355;140;353;369
60.758090;355;140;352;369
60.789871;355;140;352;369
60.821925;355;140;352;369
60.857879;355;140;352;369
60.889895;355;140;352;369
60.921983;355;140;352;369
60.958545;355;140;352;369
60.989791;355;140;352;369
61.021926;355;140;352;369
61.057928;355;140;352;369
61.089759;355;140;352;369
61.122094;355;140;352;369
61.157775;355;140;352;369
61.189983;355;140;352;369
61.243522;355;140;352;369
61.244571;355;140;352;369
61.291311;355;140;352;369
61.323088;355;140;352;369
61.354816;355;140;353;369
61.390830;355;140;353;369
61.423062;355;140;353;369
61.454792;354;140;353;369
61.487575;355;140;353;369
61.522948;355;140;353;369
61.555050;355;140;353;369
61.586794;355;140;353;369
61.622898;355;140;353;369
61.655770;355;140;353;369
61.687153;355;140;353;369
61.722788;355;140;353;369
61.754973;355;140;353;369
61.786911;355;140;353;369
61.823378;355;140;353;369
61.855697;355;140;353;369
61.888015;355;140;353;369
61.923191;355;140;353;369
61.954825;355;140;353;369
61.987161;355;140;353;369
62.019167;355;140;353;369
62.057662;355;140;353;369
62.089929;355;140;353;369
62.118910;355;140;353;369
62.155812;355;140;353;369
62.186970;355;140;353;369
62.219354;355;140;353;369
62.255052;355;140;352;369
62.286967;355;140;352;369
62.319072;355;140;352;369
62.355207;355;140;352;369
62.386883;355;140;352;369
62.418885;355;140;352;369
62.454898;355;140;352;369
62.486900;355;140;352;369
62.532688;355;140;352;369
62.533851;355;140;352;369
62.584997;354;140;353;369
62.620955;355;140;352;369
62.653121;355;140;352;369
62.685059;354;140;353;369
62.720752;355;140;353;369
62.752784;355;140;353;369
62.785009;355;140;353;369
62.820918;355;140;353;369
62.852869;355;140;353;369
62.884839;355;140;353;369
62.916832;355;140;353;369
62.952797;354;140;353;369
62.985461;354;140;353;369
63.017142;354;140;353;369
63.052941;354;140;353;369
63.084827;354;140;353;369
63.116935;355;140;353;369
63.152983;355;140;353;369
63.184980;355;140;353;369
63.216937;355;140;353;369
63.253876;355;140;353;369
63.287365;355;140;353;369
63.316968;355;140;353;369
63.354815;355;140;353;369
63.384772;355;140;353;369
63.418632;355;140;353;369
63.449029;355;140;353;369
63.484856;355;140;353;369
63.517079;355;140;353;369
63.549049;355;140;353;369
63.584844;355;140;352;369
63.616787;355;140;352;369
63.649796;355;140;352;369
63.685018;355;140;352;369
63.735722;355;140;352;369
63.735987;355;140;352;369
63.793056;354;140;352;369
63.818093;354;140;352;369
63.850534;354;140;352;369
63.881946;355;140;352;369
63.917845;355;140;352;369
63.949962;355;140;352;369
63.982745;354;140;352;369
64.017880;355;140;352;369
64.049759;355;140;353;369
64.082551;355;140;352;369
64.113846;355;140;353;369
64.150382;354;140;352;369
64.181986;355;140;352;369
64.214310;355;140;353;369
64.250166;355;140;353;369
64.282015;355;140;353;369
64.313815;354;140;353;369
64.349993;354;140;353;369
64.381840;355;140;353;369
64.413796;355;140;353;369
64.451576;355;140;353;369
64.483477;355;140;353;369
64.506369;355;140;353;369
64.547780;354;140;353;369
64.583480;354;140;353;369
64.616145;355;140;353;369
64.646832;354;140;353;369
64.683029;355;140;353;369
64.715902;355;140;353;369
64.746996;355;140;353;369
64.784525;355;140;353;369
64.815274;355;140;353;369
64.846986;355;140;353;369
64.878840;355;140;353;369
64.918071;355;140;353;369
64.947174;355;140;353;369
64.978826;355;140;353;369
65.015309;355;140;353;369
65.049469;355;140;353;369
65.072753;355;140;353;369
65.111758;355;140;352;369
65.148583;355;140;353;369
65.179876;355;140;353;369
65.211728;355;140;353;369
65.247863;355;140;352;369
65.280434;355;140;353;369
65.311826;355;140;352;369
65.349540;355;140;352;369
65.379900;355;140;353;369
65.412265;355;140;353;369
65.448073;355;140;353;369
65.481838;354;140;353;369
65.512146;355;140;353;369
65.543989;355;140;353;369
65.580784;355;140;353;369
65.611866;355;140;353;369
65.644640;355;140;353;369
65.679789;355;140;353;369
65.713904;355;140;353;369
65.744117;355;140;353;369
65.787212;355;140;353;369
65.811763;355;140;353;369
65.843807;355;140;353;369
65.880541;355;140;353;369
65.911843;355;140;353;369
65.944151;355;140;353;369
65.979749;355;140;353;369
66.020833;355;140;353;369
66.043797;355;140;353;369
66.079972;355;140;353;369
66.111882;355;140;353;369
66.144901;355;140;353;369
66.176369;355;140;353;369
66.213383;355;140;353;369
66.243962;355;140;353;369
66.275951;355;140;353;369
66.299793;355;140;353;369
66.344840;354;140;353;369
66.377097;354;140;352;369
66.408772;354;140;352;369
66.435340;354;140;353;369
66.479191;355;140;353;369
66.510750;355;140;353;369
66.542868;355;140;352;369
66.574876;355;140;353;369
66.610767;355;140;353;369
66.642954;355;140;353;369
66.674759;355;140;353;369
66.723849;355;140;353;369
66.728113;355;140;353;369
66.776179;354;140;353;369
66.807756;354;140;353;369
66.843832;354;140;353;369
66.875876;355;140;353;369
66.907837;355;140;353;369
66.943768;355;140;353;369
66.975770;355;140;353;369
67.008607;355;140;353;369
67.043757;355;140;353;369
67.085034;354;140;353;369
67.107698;355;140;353;369
67.144725;355;140;353;369
67.175799;355;140;353;369
67.208482;355;140;353;369
67.239938;355;140;353;369
67.278574;355;140;353;369
67.307747;355;140;353;369
67.339776;355;140;353;369
67.375760;355;140;353;369
67.407738;355;140;353;369
67.440588;355;140;353;369
67.475720;355;140;353;369
67.507995;355;140;353;369
67.540578;355;140;353;369
67.576533;355;140;353;369
67.599850;355;140;353;369
67.640977;354;140;353;369
67.672724;355;140;353;369
67.732604;355;140;353;369
67.732910;355;140;353;369
67.773719;354;140;353;369
67.808706;355;140;352;369
67.840957;354;140;352;369
67.873536;355;140;353;369
67.908781;355;140;352;369
67.940694;355;140;353;369
67.972726;355;140;353;369
68.011863;355;140;353;369
68.040732;354;140;353;369
68.074989;355;140;353;369
68.104725;355;140;353;369
68.140777;355;140;353;369
68.172762;355;140;353;369
68.204828;354;140;353;369
68.240745;354;140;353;369
68.273770;355;140;353;369
68.308256;354;140;353;369
68.340741;354;140;353;369
68.374717;355;140;353;369
68.404759;355;140;353;369
68.441489;355;140;353;369
68.472709;355;140;353;369
68.506222;355;140;353;369
68.536711;355;140;353;369
68.572750;355;140;353;369
68.604740;355;140;353;369
68.636723;355;140;353;369
68.672918;355;140;353;369
68.704714;355;140;353;369
68.736931;355;140;353;369
68.772778;355;140;353;369
68.811207;355;140;353;369
68.812904;355;140;353;369
68.872876;354;140;353;369
68.904778;355;140;353;369
68.938229;355;140;353;369
68.972766;355;140;352;369
69.008238;355;140;353;369
69.036731;354;140;353;369
69.068734;352;140;353;369
69.104728;350;140;353;369
69.136905;351;140;353;369
69.168858;350;140;352;369
69.204725;351;140;353;369
69.236888;351;140;353;369
69.268719;351;140;352;369
69.306307;351;140;353;369
69.336753;351;140;353;369
69.368842;351;140;353;369
69.404821;350;140;353;369
69.445094;351;140;353;369
69.468712;351;140;353;369
69.504758;350;140;353;369
69.536711;350;140;352;369
69.568714;350;140;352;369
69.604763;350;140;352;369
69.636900;350;140;352;369
69.668713;350;140;352;369
69.700745;350;140;352;369
69.736776;351;140;352;369
69.768870;350;140;352;369
69.800816;350;140;352;369
69.836670;350;140;352;369
69.868719;350;140;352;369
69.900731;350;140;353;369
69.937213;350;140;353;369
69.968804;351;140;353;369
70.002559;352;140;353;369
70.037274;353;140;353;369
70.068847;353;140;352;369
70.103072;354;140;353;369
70.134008;355;140;353;369
70.169899;355;140;353;369
70.202714;355;140;353;369
70.234699;355;140;353;369
70.270048;355;140;353;369
70.302255;355;140;353;369
70.334671;355;140;353;369
70.366378;355;140;353;369
70.398384;355;140;353;369
70.435038;355;140;353;369
70.467342;355;140;353;369
70.499198;355;140;353;369
70.534808;354;140;353;369
70.566969;354;140;353;369
70.598895;355;140;353;369
70.635099;355;140;353;369
70.668158;355;140;353;369
70.699138;355;140;353;369
70.735377;355;140;352;369
70.762168;355;140;353;369
70.800013;354;140;353;369
70.835350;354;140;353;369
70.867596;354;140;353;369
70.900039;355;140;353;369
70.942394;354;140;353;369
70.966890;354;140;353;369
70.999676;355;140;353;369
71.034828;355;140;353;369
71.068291;355;140;353;369
71.111045;355;140;353;369
71.112957;355;140;353;369
71.166215;355;140;352;369
71.200953;354;140;352;369
71.234478;355;140;352;369
71.264837;355;140;352;369
71.301234;355;140;352;369
71.333362;355;140;352;369
71.364904;355;140;353;369
71.396844;355;140;353;369
71.433157;355;140;352;369
71.465721;355;140;352;369
71.496744;355;140;352;369
71.533815;355;140;352;369
71.564968;355;140;352;369
71.596875;355;140;352;369
71.633016;355;140;352;369
71.664782;355;140;352;369
71.709711;355;140;352;369
71.715848;355;140;352;369
71.766130;355;140;352;369
71.797897;355;140;353;369
71.832461;355;140;352;369
71.866198;354;140;353;369
71.897840;355;140;353;369
71.933217;355;140;353;369
71.966395;355;140;353;369
71.998167;355;140;353;369
72.029831;355;140;353;369
72.061924;355;140;353;369
72.097845;355;140;353;369
72.130092;355;140;353;369
72.162054;355;140;353;369
72.198646;355;140;353;369
72.229914;355;140;353;369
72.261875;355;140;353;369
72.300326;355;140;353;369
72.330219;355;140;353;369
72.362229;355;140;353;369
72.397806;355;140;353;369
72.430317;355;140;353;369
72.462956;355;140;353;369
72.498060;355;140;353;369
72.531400;355;140;353;369
72.561995;355;140;353;369
72.594026;355;140;353;369
72.635189;355;140;352;369
72.662164;355;140;353;369
72.693917;355;140;353;369
72.729813;355;140;353;369
72.762070;355;140;353;369
72.794038;355;140;353;369
72.830082;355;140;352;369
72.861914;355;140;352;369
72.894065;355;140;353;369
72.930359;355;140;353;369
72.961825;355;140;353;369
72.994025;355;140;353;369
73.029847;355;140;352;369
73.062144;355;140;353;369
73.093834;355;140;353;369
73.130021;355;140;353;369
73.161862;355;140;353;369
73.193867;355;140;353;369
73.226181;355;140;353;369
73.262236;355;140;353;369
73.294412;355;140;353;369
73.325913;355;140;353;369
73.362436;355;140;353;369
73.394470;355;140;353;369
73.425972;355;140;353;369
73.461970;355;140;353;369
73.500791;355;140;353;369
73.526056;355;140;353;369
73.561874;355;140;353;369
73.594007;355;140;353;369
73.625941;355;140;353;369
73.661931;355;140;353;369
73.694044;355;140;353;369
73.734952;355;140;353;369
73.759566;355;140;353;369
73.794722;355;140;353;369
73.825772;355;140;353;369
73.858048;355;140;353;369
73.893995;355;140;353;369
73.926046;355;140;353;369
73.962199;355;140;353;369
73.995900;355;140;353;369
74.025807;355;140;352;369
74.057832;355;140;352;369
74.094128;355;140;352;369
74.125837;355;140;353;369
74.158020;355;140;352;369
74.194600;355;140;353;369
74.226164;355;140;352;369
74.258218;355;140;352;369
74.297865;355;140;352;369
74.326416;355;140;352;369
74.360065;355;140;353;369
74.389873;355;140;352;369
74.425919;355;140;353;369
74.457917;355;140;353;369
74.490111;355;140;353;369
74.525931;355;140;353;369
74.557965;355;140;353;369
74.590290;355;140;353;369
74.626035;355;140;353;369
74.657845;355;140;353;369
74.689825;355;140;353;369
74.726035;355;140;353;369
74.758468;355;140;353;369
74.790088;355;140;353;369
74.825962;355;140;353;369
74.858476;355;140;353;369
74.890169;355;140;353;369
74.926360;355;140;353;369
74.959382;355;140;353;369
74.990771;355;140;353;369
75.022050;355;140;353;369
75.058141;355;140;353;369
75.090029;355;140;353;369
75.122987;355;140;353;369
75.158121;355;140;353;369
75.190336;355;140;353;369
75.222056;355;140;353;369
75.257884;355;140;353;369
75.290346;355;140;353;369
75.321803;355;140;353;369
75.358083;355;140;353;369
75.393623;355;140;353;369
75.423159;355;140;353;369
75.453907;355;140;353;369
75.489833;355;140;353;369
75.521996;355;140;353;369
75.554065;355;140;353;369
75.590131;355;140;353;369
75.621948;355;140;353;369
75.653889;355;140;353;369
75.689803;355;140;353;369
75.721952;355;140;353;369
75.754806;355;140;352;369
75.791862;355;140;353;369
75.826311;355;140;353;369
75.854000;355;140;353;369
75.890858;355;140;353;369
75.921859;355;140;352;369
75.953932;355;140;353;369
75.989899;355;140;352;369
76.021910;355;140;353;369
76.054019;355;140;352;369
76.089690;355;140;353;369
76.123118;355;140;353;369
76.153977;355;140;353;369
76.193286;355;140;353;369
76.222056;355;140;353;369
76.254001;355;140;353;369
76.285811;355;140;353;369
76.322076;355;140;353;369
76.354015;355;140;353;369
76.386005;355;140;353;369
76.422322;355;140;353;369
76.454098;355;140;353;369
76.485957;355;140;353;369
76.522267;355;140;353;369
76.553977;355;140;353;369
76.586113;354;140;353;369
76.618768;354;140;352;369
76.655684;354;140;352;369
76.685833;354;140;352;369
76.718086;355;140;352;369
76.753943;354;140;353;369
76.785825;355;140;353;369
76.818062;354;140;353;369
76.853982;354;140;353;369
76.885827;355;140;353;369
76.917772;355;140;353;369
76.954019;355;140;352;369
76.993218;354;140;352;369
77.018545;355;140;352;369
77.054529;354;140;352;369
77.085997;354;140;352;369
77.118200;354;140;352;369
77.149913;354;140;352;369
77.186681;354;140;352;369
77.218806;354;140;352;369
77.250163;354;140;352;369
77.286249;354;140;352;369
77.318092;354;140;352;369
77.350035;354;140;352;369
77.385853;354;140;353;369
77.417933;354;140;352;369
77.449878;354;140;352;369
77.486085;354;140;352;369
77.517988;354;140;352;369
77.550455;354;140;352;369
77.585981;354;140;352;369
77.618724;354;140;352;369
77.650018;354;140;352;369
77.685897;354;140;352;369
77.718089;354;140;352;369
77.751132;354;140;352;369
77.782564;354;140;352;369
77.818811;354;140;352;369
77.849865;354;140;352;369
77.882138;354;140;352;369
77.917795;354;140;352;369
77.950047;354;140;352;369
77.981976;354;140;352;369
78.018189;354;140;352;369
78.050203;354;140;352;369
78.082293;354;140;352;369
78.118039;354;140;352;369
78.153041;354;140;352;369
78.182118;354;140;352;369
78.217953;354;140;352;369
78.249963;354;140;352;369
78.282070;354;140;352;369
78.314057;354;140;352;369
78.349917;354;140;352;369
78.381878;354;140;352;369
78.414005;354;140;352;369
78.450044;354;140;352;369
78.482564;354;140;352;369
78.513937;354;140;352;369
78.550009;354;140;352;369
78.582859;354;140;352;369
78.614808;354;140;352;369
78.649925;354;140;352;369
78.682273;354;140;352;369
78.714128;354;140;352;369
78.750101;354;140;352;369
78.782217;354;140;352;369
78.813912;354;140;352;369
78.846034;354;140;352;369
78.881956;354;140;352;369
78.913806;354;140;352;369
78.945876;354;140;352;369
78.987696;354;140;352;369
79.014469;354;140;352;369
79.046177;354;140;352;369
79.082486;354;140;352;369
79.114145;354;140;352;369
79.146145;354;140;352;369
79.182504;354;140;352;369
79.213786;354;140;352;369
79.246456;354;140;352;369
79.287346;354;140;353;369
79.314135;354;140;352;369
79.346012;354;140;352;369
79.381816;354;140;352;369
79.414105;355;140;352;369
79.446072;355;140;352;369
79.477943;355;140;352;369
79.514513;354;140;352;369
79.545863;354;140;352;369
79.578158;355;140;352;369
79.614434;355;140;352;369
79.645958;355;140;352;369
79.678025;354;140;352;369
79.714010;354;140;352;369
79.746135;354;140;352;369
79.777853;354;140;352;369
79.814072;354;140;352;369
79.845920;355;140;352;369
79.878067;355;140;352;369
79.913893;355;140;352;369
79.946255;355;140;352;369
79.978196;354;140;352;369
80.009893;354;140;352;369
80.046052;354;140;352;369
80.078094;355;140;352;369
80.110141;354;140;352;369
80.145915;354;140;352;369
80.177900;354;140;352;369
80.210585;354;140;352;369
80.246021;354;140;352;369
80.278034;354;140;352;369
80.310024;354;140;352;369
80.346215;354;140;352;369
80.377944;354;140;352;369
80.410076;354;140;352;369
80.445976;354;140;352;369
80.477959;354;140;352;369
80.509955;354;140;352;369
80.541897;354;140;352;369
80.578122;354;140;352;369
80.609827;355;140;352;369
80.641979;355;140;352;369
80.691760;355;140;352;369
80.710432;355;140;352;369
80.742695;355;140;352;369
80.777844;355;140;352;369
80.810010;354;140;352;369
80.841817;354;140;352;369
80.877921;354;140;352;369
80.909913;354;140;352;369
80.941804;354;140;352;369
80.978081;355;140;352;369
81.009803;355;140;352;369
81.042163;355;140;352;369
81.077888;355;140;352;369
81.109977;355;140;352;369
81.143309;355;140;352;369
81.174594;355;140;352;369
81.210523;354;140;352;369
81.242226;355;140;352;369
81.274436;355;140;352;369
81.310301;355;140;352;369
81.342354;355;140;352;369
81.374131;355;140;352;369
81.410043;355;140;352;369
81.441855;354;140;352;369
81.474474;354;140;352;369
81.510072;354;140;352;369
81.541903;355;140;352;369
81.573919;354;140;352;369
81.609856;355;140;352;369
81.642258;354;140;352;369
81.674848;354;140;352;369
81.706439;354;140;352;369
81.744257;354;140;352;369
81.773892;354;140;352;369
81.805990;354;140;352;369
81.841947;354;140;352;369
81.874105;354;140;352;369
81.905975;355;140;352;369
81.942020;355;140;352;369
81.974419;354;140;352;369
82.006461;354;140;352;369
82.042110;354;140;352;369
82.073851;354;140;352;369
82.106177;354;140;352;369
82.142280;354;140;352;369
82.174130;354;140;352;369
82.207496;355;140;352;369
82.237959;355;140;352;369
82.274826;355;140;352;369
82.306506;354;140;352;369
82.337927;354;140;352;369
82.373813;354;140;352;369
82.406017;354;140;352;369
82.437930;354;140;352;369
82.474087;354;140;352;369
82.506659;355;140;352;369
82.538097;354;140;352;369
82.573949;354;140;352;369
82.606040;354;140;352;369
82.638165;354;140;352;369
82.674067;354;140;352;369
82.706235;354;140;352;369
82.738026;354;140;352;369
82.774095;354;140;352;369
82.815802;354;140;352;369
82.838220;354;140;352;369
82.869874;354;140;352;369
82.905881;354;140;352;369
82.938163;354;140;352;369
82.970671;355;140;352;369
83.007342;354;140;352;369
83.037856;354;140;352;369
83.070009;355;140;352;369
83.105804;354;140;352;369
83.137954;354;140;352;369
83.170187;354;140;352;369
83.206358;354;140;352;369
83.238043;354;140;352;369
83.269881;355;140;353;369
83.306219;355;140;353;369
83.338310;355;140;353;369
83.369869;355;140;353;369
83.402170;355;140;353;369
83.439835;355;140;353;369
83.469936;356;140;353;369
83.501833;356;140;353;369
83.538049;355;140;353;369
83.570109;355;140;353;369
83.601823;355;140;353;369
83.637866;355;140;353;369
83.670160;356;140;353;369
83.701854;355;140;353;369
83.738141;355;140;353;369
83.770413;355;140;353;369
83.801921;355;140;353;369
83.837993;355;140;353;369
83.869916;355;140;353;369
83.901880;355;140;353;369
83.934105;355;140;353;369
83.970050;355;140;353;369
84.002331;355;140;353;369
84.033972;355;140;353;369
84.069951;355;140;352;369
84.102081;355;140;353;369
84.134002;355;140;352;369
84.169939;355;140;353;369
84.204886;355;140;353;369
84.234548;355;140;353;369
84.270934;355;140;353;369
84.302536;355;140;353;369
84.335873;355;140;353;369
84.370142;355;140;353;369
84.402086;355;140;353;369
84.434175;355;140;353;369
84.469953;355;140;353;369
84.502683;355;140;353;369
84.533811;355;140;353;369
84.566099;355;140;353;369
84.601947;355;140;353;369
84.633993;355;140;353;369
84.665843;355;140;353;369
84.701802;355;140;353;369
84.734003;355;140;353;369
84.766621;355;140;353;369
84.802867;356;140;353;369
84.833814;356;140;353;369
84.866083;356;140;353;369
84.902060;356;140;353;369
84.934329;356;140;353;369
84.966138;356;140;354;369
85.001915;356;140;354;369
85.033997;356;140;354;369
85.065861;357;140;354;369
85.098153;357;140;354;369
85.133853;357;139;354;369
85.166661;357;139;354;369
85.197706;357;139;354;369
85.233665;358;139;354;369
85.265727;358;139;355;369
85.301996;358;139;355;369
85.334381;358;139;355;369
85.387858;358;139;355;369
85.388546;358;139;355;369
85.431063;358;139;354;369
85.452767;358;139;355;369
85.500214;358;139;354;369
85.532300;358;139;354;369
85.564069;358;139;354;369
85.599868;358;139;354;369
85.631876;358;139;354;369
85.664611;358;139;354;369
85.700665;358;139;354;369
85.732508;358;139;354;369
85.764261;358;139;355;369
85.801358;358;139;355;369
85.831863;358;139;355;369
85.867647;358;139;355;369
85.898678;358;139;355;369
85.931926;358;139;355;369
85.959793;357;139;355;369
85.998328;357;139;355;369
86.029780;357;139;355;369
86.066043;357;139;355;369
86.097821;357;139;355;369
86.129882;357;139;355;369
86.166007;613;438;355;369
86.198143;607;438;355;369
86.230073;597;438;355;369
86.262202;587;438;355;369
86.298180;577;438;355;369
86.339454;607;438;355;369
86.339853;597;438;355;369
86.396569;548;437;355;369
86.431259;356;139;355;369
86.464785;355;139;355;369
86.494975;355;139;355;369
86.531885;355;139;355;369
86.563064;586;315;355;369
86.595756;581;314;354;369
86.630792;577;314;354;369
86.675969;573;313;354;369
86.676338;586;315;355;369
86.728668;565;312;354;369
86.764014;562;311;353;369
86.795913;560;310;353;369
86.828116;558;309;353;369
86.864155;556;309;353;369
86.895927;554;308;353;369
86.928077;553;308;353;369
86.964018;551;308;353;369
86.996659;550;307;353;369
87.028198;549;307;353;369
87.059892;548;307;352;369
87.095893;548;307;352;369
87.129101;547;307;352;369
87.159837;546;307;352;369
87.195847;546;307;352;369
87.227875;545;307;352;369
87.259824;544;308;352;369
87.295818;543;308;352;369
87.327836;542;308;352;369
87.360218;541;308;352;369
87.395842;353;139;352;369
87.427933;353;139;352;369
87.461867;353;138;352;369
87.496018;353;139;352;369
87.529012;352;139;352;369
87.560183;352;139;352;369
87.595937;352;139;352;369
87.627998;352;139;352;369
87.660137;352;139;351;369
87.691971;352;139;351;369
87.727854;352;139;351;369
87.759918;352;139;350;369
87.791890;352;139;350;369
87.832277;352;139;350;369
87.859874;352;139;350;369
87.893061;352;139;350;369
87.927938;352;138;350;369
87.960189;352;139;351;369
87.992100;352;139;351;369
88.029187;352;139;352;369
88.054008;352;139;350;369
88.094354;352;139;353;369
88.125885;352;139;354;369
88.157844;352;139;355;369
88.193878;352;139;356;369
88.226688;352;139;357;369
88.269928;353;139;358;370
88.293875;353;139;359;369
88.325828;353;139;360;369
88.359428;353;139;362;369
88.394941;353;139;363;369
88.427338;353;139;364;369
88.458802;353;139;366;369
88.490014;354;139;368;369
88.525685;354;139;370;369
88.557916;355;139;373;369
88.589918;356;139;377;368
88.625845;356;139;380;368
88.658750;357;139;383;368
88.689948;358;139;386;367
88.725752;359;139;389;367
88.761789;360;139;392;367
88.789798;361;139;394;367
88.825719;362;139;397;367
88.857908;363;139;401;367
88.889670;364;139;405;366
88.925859;365;138;407;369
88.962815;366;138;410;366
88.989819;367;138;413;365
89.022593;368;138;415;368
89.058824;369;138;417;369
89.090854;370;138;420;365
89.121809;370;137;421;368
89.157837;371;137;423;369
89.190052;371;137;424;369
89.221966;372;137;425;369
89.257747;372;137;426;369
89.289796;372;137;427;369
89.321762;372;137;427;369
89.357716;372;137;428;369
89.389784;373;137;429;368
89.421865;373;137;430;368
89.457797;373;137;431;367
89.490589;373;137;432;367
89.521862;373;137;432;367
89.557799;374;137;433;367
89.589771;374;137;433;367
89.621873;403;280;434;366
89.653859;403;280;435;366
89.689948;403;280;436;366
89.721756;404;280;436;366
89.753915;404;280;538;182
89.791808;404;280;538;182
89.796709;403;280;436;366
89.860594;405;280;439;366
89.887803;405;280;439;365
89.919960;405;280;439;365
89.955923;405;280;448;429
89.987909;405;280;449;430
90.019758;405;280;538;193
90.055782;405;280;538;183
90.087700;405;280;563;43
90.120815;405;280;558;44
90.155881;405;280;453;46
90.187816;405;280;570;43
90.219806;405;280;556;48
90.256119;539;193;556;47
90.287803;608;198;556;48
90.319969;608;198;557;51
90.355837;540;193;557;51
90.388201;539;193;557;52
90.420016;608;198;563;48
90.451916;608;198;556;52
90.488741;612;201;556;52
90.519812;529;200;556;52
90.553732;530;203;556;52
90.587909;530;203;494;56
90.650762;609;204;496;57
90.651018;529;200;554;53
90.686877;406;279;404;275
90.718907;406;279;405;274
90.756696;406;279;405;275
90.786835;406;279;405;275
90.820756;406;279;405;275
90.851224;406;279;537;182
90.886742;406;279;517;70
90.918921;406;279;517;70
90.951033;406;279;516;72
90.987791;406;279;524;73
91.019021;406;279;524;73
91.051437;406;279;524;75
91.087669;567;362;524;75
91.119809;567;362;524;76
91.150998;565;362;523;76
91.189759;565;362;522;77
91.218928;565;362;493;79
91.252687;565;363;514;79
91.271903;520;78;514;79
91.319857;404;280;406;274
91.352740;405;279;570;320
91.387629;405;279;570;324
91.419818;405;279;569;321
91.452448;404;280;570;319
91.483755;404;280;556;318
91.519930;404;280;555;318
91.552217;561;370;555;319
91.583815;561;371;556;318
91.616184;560;371;555;319
91.652841;547;238;570;324
91.683937;557;239;571;324
91.715855;559;239;569;324
91.752718;559;240;570;325
91.784667;559;239;569;326
91.815881;559;240;569;326
91.851919;520;98;569;326
91.892731;559;239;570;326
91.893039;559;239;569;326
91.952200;404;280;571;327
91.983966;376;136;571;326
92.016522;376;136;571;328
92.052000;404;280;569;330
92.083721;405;279;569;330
92.115749;376;136;570;330
92.148687;376;136;569;330
92.185192;376;136;563;336
92.221822;376;136;565;335
92.248350;405;279;474;110
92.283720;405;279;475;110
92.316025;405;279;474;112
92.348532;405;279;475;115
92.383954;405;279;521;117
92.416229;405;279;476;115
92.448714;405;279;515;120
92.483864;405;279;515;120
92.516477;406;279;473;116
92.547773;406;279;476;116
92.583875;406;279;474;116
92.616113;406;279;474;116
92.648900;406;279;475;115
92.683798;376;136;474;125
92.716892;376;136;473;126
92.747838;376;136;439;366
92.780837;376;136;439;366
92.815859;376;136;515;129
92.848094;376;136;515;129
92.880595;376;136;515;129
92.916089;376;136;507;132
92.950780;376;136;510;133
92.979816;376;136;494;135
93.015995;376;136;494;135
93.048322;376;136;475;134
93.080406;376;136;510;133
93.115723;376;136;514;134
93.148077;376;136;494;135
93.179913;376;136;508;134
93.216459;376;136;514;134
93.248569;376;136;514;134
93.284163;376;136;514;134
93.311902;376;137;514;134
93.348665;376;137;510;136
93.373202;376;136;514;134
93.412871;376;136;437;367
93.445407;376;137;437;366
93.480955;376;137;437;367
93.514619;375;137;437;366
93.544967;375;137;437;367
93.581343;375;137;475;147
93.613850;375;137;476;146
93.644914;375;137;514;133
93.680738;375;137;514;134
93.717855;375;137;476;152
93.744832;375;137;475;153
93.784968;375;137;475;153
93.812962;375;137;476;158
93.846936;375;137;490;140
93.880808;375;137;494;140
93.913182;375;137;491;141
93.944940;375;137;492;140
93.977377;375;137;492;140
94.013651;375;137;492;140
94.044795;375;137;492;140
94.076776;375;137;494;140
94.113029;375;137;492;140
94.149004;375;137;494;140
94.152918;375;137;492;140
94.211814;374;137;605;375
94.243762;375;137;604;376
94.280935;375;137;604;377
94.311858;375;137;605;375
94.362519;375;137;605;375
94.362867;375;137;604;376
94.410607;374;137;604;376
94.446068;375;137;604;376
94.478683;374;137;604;376
94.509987;375;137;604;376
94.548519;374;137;603;376
94.578954;374;137;604;375
94.609890;374;137;533;183
94.646819;541;182;535;185
94.677870;575;325;602;377
94.709993;575;324;602;377
94.741805;572;326;602;377
94.780498;576;328;602;377
94.809988;576;327;601;378
94.841916;579;327;602;377
94.877711;579;328;601;377
94.911283;577;329;459;47
94.942411;577;329;456;47
94.978595;540;195;459;47
95.010044;541;194;585;52
95.053113;539;196;585;54
95.078463;540;196;585;54
95.112986;540;196;585;57
95.141802;540;196;585;57
95.179568;531;203;587;57
95.209780;531;204;586;57
95.242602;530;204;587;58
95.274489;530;204;478;57
95.310283;531;204;477;57
95.343812;530;204;591;57
95.373817;530;204;591;58
95.410034;530;204;477;60
95.441898;530;205;524;64
95.475686;529;206;524;64
95.509781;543;212;456;63
95.542535;543;212;522;69
95.574796;543;212;451;64
95.613275;543;212;522;70
95.648839;543;212;451;64
95.675852;567;361;451;64
95.711669;568;361;452;72
95.742215;568;361;515;72
95.774163;568;361;490;69
95.805754;568;361;489;68
95.842022;568;361;476;75
95.874539;568;361;476;76
95.914272;567;362;477;76
95.942608;567;362;476;76
95.974149;562;368;492;80
96.006013;562;368;492;80
96.051894;561;369;492;80
96.052255;567;362;476;76
96.106885;601;380;595;388
96.141434;601;380;586;399
96.174907;604;375;572;327
96.209530;603;377;570;326
96.239150;559;372;571;325
96.275965;559;371;570;325
96.307245;559;372;570;326
96.339707;540;240;491;89
96.375180;556;240;475;92
96.406922;543;240;475;93
96.438883;543;240;474;94
96.477489;611;248;475;95
96.507075;609;249;476;95
96.553809;609;249;491;100
96.570907;483;104;492;100
96.607098;608;249;493;100
96.638919;607;251;492;100
96.670957;524;109;493;100
96.706842;524;109;492;100
96.738923;523;109;491;100
96.771926;523;110;491;100
96.807161;608;252;491;100
96.838788;520;110;492;100
96.871004;527;113;523;113
96.906895;520;111;523;113
96.938966;524;113;523;113
96.971816;525;117;523;117
97.006883;525;117;523;117
97.039615;525;117;521;117
97.070802;376;136;521;117
97.102881;376;136;522;117
97.138843;376;136;522;117
97.171106;376;136;522;117
97.202797;376;136;522;117
97.238952;376;136;522;121
97.270932;376;136;523;117
97.303619;376;136;523;117
97.338969;376;136;515;124
97.371036;376;136;514;125
97.406066;376;136;510;128
97.438872;375;136;521;127
97.484214;375;136;516;128
97.502988;375;136;516;129
97.539811;375;136;516;129
97.571007;375;136;514;130
97.603002;375;136;510;133
97.638778;375;136;514;133
97.670928;375;136;494;135
97.701046;375;136;514;134
97.736073;375;137;437;365
97.773701;375;137;436;365
97.804142;375;137;437;365
97.835891;375;136;436;365
97.868266;375;137;437;365
97.903855;375;137;491;139
97.935880;375;137;491;140
97.967789;375;137;492;139
98.004652;375;137;476;143
98.045179;375;137;516;129
98.050474;375;137;476;145
98.102039;375;136;437;365
98.136789;375;137;437;365
98.169035;375;137;436;365
98.200749;375;137;436;365
98.237025;375;137;475;138
98.269382;375;137;436;365
98.300928;375;137;476;139
98.337073;375;137;476;157
98.368893;375;137;475;139
98.401961;375;137;476;159
98.437011;375;137;491;140
98.468824;375;137;476;161
98.500910;375;137;476;160
98.533776;375;137;476;161
98.568806;375;137;496;140
98.601679;375;137;496;140
98.633005;375;137;497;140
98.668890;375;137;496;140
98.700990;375;137;494;141
98.733170;375;137;492;143
98.765569;375;137;491;143
98.801111;375;137;435;365
98.834061;375;137;435;365
98.868953;375;137;435;365
98.900820;375;137;435;364
98.932961;375;137;435;364
98.970704;375;137;435;364
98.975115;375;137;435;365
99.033828;375;137;435;363
99.065800;375;137;435;364
99.101782;375;137;435;365
99.133906;576;327;434;362
99.166075;375;137;433;362
99.197857;577;328;432;362
99.233833;576;329;430;362
99.265901;576;325;427;362
99.297910;576;326;423;362
99.334453;372;138;418;363
99.365902;371;138;412;364
99.397757;370;138;406;365
99.433924;369;138;397;367
99.465862;367;138;388;367
99.497847;365;139;378;368
99.534833;607;438;368;368
99.565804;359;139;358;368
99.597900;356;139;348;368
99.633842;353;139;338;367
99.665942;350;139;328;366
99.697864;347;139;320;365
99.734013;342;139;580;56
99.766237;338;139;294;364
99.798115;334;139;290;362
99.840086;330;138;282;361
99.842659;342;139;580;57
99.897917;322;137;270;359
99.929846;320;136;266;358
99.965852;319;136;264;357
100.000964;318;135;262;356
100.032934;318;135;261;355
100.065933;318;135;262;356
100.098516;318;136;263;356
100.132860;319;136;265;357
100.164824;320;136;268;358
100.196858;321;136;271;359
100.228848;324;136;276;360
100.270034;326;137;282;361
100.297298;328;137;288;362
100.330937;330;138;292;364
100.364848;333;138;301;365
100.398926;336;138;523;77
100.429189;338;139;320;367
100.466848;340;139;327;368
100.494267;343;139;301;365
100.531840;347;139;345;369
100.561837;349;139;354;369
100.598602;352;139;362;369
100.629887;354;139;370;369
100.662000;356;139;377;368
100.697984;358;139;384;368
100.729968;359;139;390;367
100.761881;361;139;395;367
100.797846;363;138;400;366
100.829920;364;138;404;365
100.861994;366;138;408;365
100.894009;367;138;411;364
100.929868;368;137;413;364
100.963983;369;137;415;364
100.993826;370;137;417;364
101.030068;370;137;417;364
101.061966;540;246;418;363
101.093880;535;246;417;364
101.129884;535;247;415;364
101.161889;370;137;412;364
101.193762;370;137;410;365
101.229892;369;137;406;365
101.261857;368;137;401;366
101.293884;367;138;396;367
101.329919;366;138;389;368
101.361932;365;138;382;368
101.396968;364;138;375;368
101.431977;361;138;367;369
101.461831;358;139;360;369
101.494021;356;139;352;368
101.526112;354;139;344;368
101.561844;351;139;337;368
101.593999;349;139;329;368
101.626055;346;139;323;367
101.662037;343;139;319;366
101.693966;341;138;523;118
101.726041;338;138;523;118
101.761798;336;138;294;365
101.793812;334;138;292;364
101.825777;332;137;289;363
101.861914;331;137;286;363
101.897351;329;137;285;362
101.926309;328;137;284;362
101.964687;327;137;284;362
101.993946;327;137;284;362
102.026082;327;137;285;362
102.053195;328;138;284;362
102.094576;329;138;291;363
102.129947;331;138;292;364
102.160762;333;138;294;365
102.200832;335;138;301;365
102.201309;329;138;291;363
102.260657;337;139;313;367
102.292553;339;139;320;367
102.324341;340;139;324;368
102.360008;342;139;329;368
102.392519;344;139;335;369
102.423903;345;139;341;369
102.468513;346;139;347;369
102.491960;348;139;353;369
102.523750;350;139;358;369
102.560895;351;139;364;369
102.595757;353;139;369;369
102.626356;354;139;374;369
102.659834;356;139;379;368
102.692055;357;139;384;368
102.723875;359;139;387;368
102.768272;360;139;391;367
102.792165;361;139;393;367
102.823814;362;139;395;367
102.859864;362;139;397;367
102.891972;363;139;398;366
102.924060;364;139;399;366
102.958769;364;139;399;366
102.992099;364;139;399;366
103.023958;364;139;398;366
103.055877;364;139;396;367
103.091894;363;139;394;367
103.124672;363;139;391;367
103.156697;362;139;388;368
103.191757;362;139;384;368
103.224588;361;139;380;368
103.256000;360;139;376;368
103.292255;359;139;371;368
103.323934;358;139;365;369
103.355768;356;139;360;369
103.391848;355;139;354;369
103.424660;353;139;348;369
103.457276;351;139;344;369
103.487792;349;139;338;368
103.524793;348;139;333;368
103.555984;347;139;329;368
103.596554;345;139;325;367
103.623685;343;139;322;367
103.658039;342;139;320;367
103.687770;341;139;320;367
103.723925;340;139;561;44
103.756458;339;139;556;44
103.787764;338;139;308;366
103.823735;338;139;307;366
103.855708;338;139;306;366
103.887805;338;139;306;366
103.923833;338;139;307;366
103.955862;339;139;307;366
103.987735;339;139;308;366
104.019704;340;139;320;367
104.056610;341;139;320;367
104.090991;342;139;321;367
104.119835;343;139;322;367
104.157112;344;139;324;368
104.187721;345;139;326;368
104.219764;346;139;329;368
104.255756;347;139;333;368
104.288221;348;139;337;369
104.319841;350;139;341;369
104.355899;351;139;345;369
104.387773;352;139;349;369
104.419764;353;139;353;369
104.455763;354;139;356;369
104.487754;355;139;359;369
104.520353;356;139;362;369
104.555954;357;139;365;369
104.589861;358;139;368;369
104.619726;359;139;371;369
104.652859;360;139;373;369
104.687779;360;139;375;369
104.719852;361;139;377;368
104.751871;362;139;378;368
104.787818;362;139;378;368
104.819770;362;139;379;368
104.851834;363;139;379;368
104.887759;363;139;379;368
104.919833;363;139;378;368
104.956740;363;139;377;369
104.987733;363;139;376;369
105.021979;363;139;375;369
105.051805;362;139;373;369
105.087847;362;139;371;369
105.119707;362;139;369;369
105.156657;361;139;367;369
105.183800;361;139;365;369
105.219809;360;139;362;369
105.251700;360;139;360;369
105.284014;359;140;356;369
105.319725;358;140;353;369
105.352600;357;139;350;369
105.383813;357;139;347;369
105.419705;356;140;345;369
105.453232;355;140;342;369
105.483755;353;140;339;369
105.522601;352;140;337;369
105.551803;351;140;335;369
105.583697;348;140;333;369
105.619856;346;140;331;369
105.651767;345;140;330;368
105.683790;344;140;329;368
105.715687;344;140;328;369
105.752172;343;140;328;369
105.783754;343;140;327;369
105.815880;343;140;328;368
105.851706;343;140;328;368
105.886774;343;140;329;369
105.916029;344;140;330;369
105.951737;344;140;331;369
105.983748;344;140;333;369
106.015755;345;140;334;369
106.051648;346;140;336;369
106.083725;346;140;338;369
106.116866;346;140;340;369
106.152175;346;140;341;369
106.184319;347;140;343;369
106.215756;347;140;344;369
106.251823;347;140;345;369
106.283722;348;140;347;369
106.315682;349;140;348;369
106.347802;350;140;349;370
106.395476;350;140;350;370
106.396749;348;140;347;369
106.451559;352;140;354;369
106.480715;352;140;355;369
106.519160;353;140;356;369
106.548714;353;140;357;369
106.588330;353;140;357;370
106.616868;354;140;358;369
106.648745;355;140;358;369
106.680750;355;140;357;370
106.716776;355;140;357;370
106.748647;355;140;357;370
106.780662;355;140;357;369
106.816792;355;140;356;369
106.848829;355;140;356;369
106.898000;355;140;355;369
106.901107;355;140;357;369
106.952196;354;140;353;369
106.980877;354;140;352;369
107.012833;354;140;351;369
107.050942;354;140;351;369
107.080679;354;140;350;369
107.112879;354;140;349;369
107.148895;354;140;349;369
107.189712;354;140;348;369
107.192617;354;140;350;369
107.248698;353;140;347;369
107.280826;352;140;347;369
107.312758;354;140;347;369
107.348652;354;140;347;369
107.393097;354;140;347;369
107.395715;353;140;347;369
107.449150;353;140;348;369
107.479969;353;140;348;369
107.513678;353;140;348;369
107.547773;354;140;348;369
107.579813;353;140;349;369
107.611698;353;140;350;369
107.656704;353;140;350;369
107.679817;353;140;351;369
107.711765;353;140;352;369
107.747823;354;140;352;369
107.779760;354;140;353;369
107.811731;354;140;354;369
107.848083;354;140;354;369
107.892147;354;140;354;369
107.892763;354;140;353;369
107.956219;354;140;355;369
107.980739;354;140;356;369
108.013205;353;140;355;369
108.044762;354;140;355;369
108.103118;353;140;355;369
108.103662;354;140;356;369
108.145861;354;140;355;369
108.179981;354;140;355;369
108.211851;354;140;355;369
108.244812;354;140;354;369
108.280265;354;140;354;369
108.311902;354;140;353;369
108.344184;353;140;353;369
108.380751;354;140;352;369
108.411863;354;140;352;369
108.444701;353;140;351;369
108.480082;353;140;351;369
108.512353;354;140;350;369
108.541969;354;140;349;369
108.579279;354;140;348;369
108.612663;353;140;348;369
108.643267;353;140;348;369
108.683820;352;140;348;369
108.711174;352;140;348;369
108.743046;352;140;347;369
108.779384;352;140;347;369
108.811048;352;140;347;369
108.843069;352;140;347;369
108.878919;353;140;347;369
108.911488;353;140;348;369
108.943512;353;140;348;369
108.974863;353;140;348;369
109.010955;353;140;349;369
109.043711;353;140;349;369
109.075265;353;140;350;369
109.111070;353;140;350;369
109.143042;353;140;351;369
109.174809;353;140;352;369
109.211110;354;140;352;369
109.243161;354;140;353;369
109.274919;354;140;353;369
109.310833;354;140;354;369
109.344393;354;140;354;369
109.375730;354;140;354;369
109.410669;354;140;354;369
109.442960;354;140;354;369
109.475568;354;140;354;369
109.510745;354;140;355;369
109.543254;354;140;355;369
109.574825;354;140;355;369
109.606865;354;140;355;369
109.642934;354;140;355;369
109.677894;354;140;354;369
109.682456;354;140;355;369
109.743111;353;140;353;369
109.774361;354;140;353;369
109.809841;354;140;352;369
109.841888;353;140;352;369
109.879681;353;140;351;369
109.910091;353;140;350;369
109.943287;353;140;350;369
109.974258;353;140;350;369
110.006203;353;140;349;369
110.042321;353;140;349;369
110.074333;353;140;349;369
110.105873;353;140;348;369
110.141864;353;140;348;369
110.174703;353;140;348;369
110.205952;353;140;348;369
110.243345;352;140;348;369
110.274878;353;140;348;369
110.307369;353;140;348;369
110.342153;352;140;348;369
110.375864;352;140;348;369
110.405940;352;140;348;369
110.447796;353;140;348;369
110.474066;353;140;349;369
110.519259;353;140;349;369
110.521459;352;140;348;369
110.573942;353;140;351;369
110.605867;353;140;352;369
110.641717;353;140;353;369
110.672852;353;140;353;369
110.705013;353;140;353;369
110.748745;353;140;353;369
110.773284;353;140;354;369
110.805710;353;140;354;369
110.840967;354;140;354;369
110.873416;354;140;354;369
110.904928;354;140;355;369
110.941132;354;140;355;369
110.973355;354;140;355;369
111.005108;354;140;355;369
111.036792;353;140;354;369
111.072746;354;140;354;369
111.105986;354;140;354;369
111.137676;354;140;354;369
111.178700;353;140;354;369
111.206550;354;140;354;369
111.237108;354;140;353;369
111.272844;354;140;353;369
111.305031;354;140;352;369
111.336875;354;140;352;369
111.373146;354;140;351;369
111.424949;354;140;350;369
111.425374;354;140;352;369
111.481132;353;140;349;369
111.502807;352;140;348;369
111.539135;353;140;348;369
111.571338;352;140;348;369
111.602848;353;140;348;369
111.639332;352;140;348;369
111.670802;352;140;348;369
111.702764;353;140;348;369
111.738802;353;140;348;369
111.770961;353;140;348;369
111.802832;353;140;348;369
111.835149;353;140;348;369
111.871164;353;140;348;369
111.902944;353;140;349;369
111.934688;353;140;349;369
111.970801;353;140;350;369
112.002867;353;140;350;369
112.034812;353;140;351;369
112.071024;354;140;351;369
112.102875;354;140;352;369
112.131096;354;140;350;369
112.170852;353;140;353;369
112.203671;353;140;353;369
112.234990;354;140;354;369
112.282551;353;140;354;369
112.284527;354;140;353;369
112.336744;353;140;354;369
112.367703;353;140;355;369
112.403861;353;140;355;369
112.435757;354;140;355;369
112.467988;354;140;354;369
112.500046;353;140;354;369
112.536025;354;140;354;369
112.569211;354;140;354;369
112.599823;354;140;354;369
112.635896;353;140;354;369
112.667917;353;140;353;369
112.700768;353;140;353;369
112.740046;353;140;352;369
112.767818;353;140;351;369
112.799932;353;140;351;369
112.835840;353;140;350;369
112.867890;353;140;350;369
112.899960;353;140;349;369
112.935941;353;140;349;369
112.968042;353;140;349;369
113.020968;352;140;348;369
113.024126;352;140;349;369
113.068069;352;140;348;369
113.099805;352;140;348;369
113.131931;353;140;348;369
113.167825;352;140;348;369
113.199869;353;140;348;369
113.231782;352;140;348;369
113.268052;352;140;348;369
113.302596;352;140;349;369
113.334472;353;140;349;369
113.368606;352;140;349;369
113.398163;353;140;350;369
113.433910;353;140;350;369
113.465846;353;140;350;369
113.498227;352;140;351;369
113.536621;352;140;351;369
113.568069;352;140;352;369
113.598819;352;140;352;369
113.633990;352;140;353;369
113.665936;352;140;353;369
113.698107;352;140;353;369
113.733827;352;140;353;369
113.765892;352;140;353;369
113.798194;352;140;354;369
113.833764;352;140;354;369
113.865885;352;140;354;369
113.897897;352;140;354;369
113.930030;352;140;354;369
113.966082;352;140;354;369
113.997881;352;140;354;369
114.029915;352;140;354;369
114.066276;352;140;353;369
114.097944;352;140;353;369
114.140747;352;140;353;369
114.166751;352;140;352;369
114.198464;352;140;352;369
114.229690;352;140;352;369
114.266408;352;140;351;369
114.304226;352;140;351;369
114.304702;352;140;352;369
114.376984;352;140;349;369
114.397969;352;140;349;369
114.429823;352;140;348;369
114.466018;352;140;348;369
114.498005;352;140;348;369
114.530747;352;140;348;369
114.562045;352;140;348;369
114.598024;352;140;348;369
114.630439;352;140;348;369
114.662154;352;140;348;369
114.698005;352;140;348;369
114.729859;352;140;348;369
114.762120;352;140;348;369
114.797985;352;140;349;369
114.829859;352;140;349;369
114.862745;352;140;349;369
114.887021;352;140;348;369
114.931168;353;140;351;369
114.969612;352;140;352;369
114.995642;353;140;352;369
115.032078;353;140;352;369
115.063841;353;140;352;369
115.096227;353;140;353;369
115.131481;353;140;353;369
115.163267;353;140;353;369
115.200971;353;140;351;370
115.227187;353;140;351;370
115.264530;353;140;351;370
115.295114;353;140;352;370
115.326855;353;140;352;370
115.363031;353;140;353;369
115.421908;353;140;353;369
115.422777;353;140;352;370
115.470017;353;140;353;369
115.493684;353;140;353;369
115.529814;353;140;353;369
115.561710;352;140;353;369
115.596766;353;140;354;369
115.625784;355;140;356;369
115.665906;357;140;359;369
115.693718;360;140;363;368
115.725921;364;139;367;367
115.762546;367;139;372;366
115.793752;370;139;378;364
115.825997;375;138;384;362
115.861736;379;137;392;360
115.913946;383;136;399;357
115.914569;370;139;378;364
115.964793;389;134;414;353
115.991669;392;133;422;351
116.028235;395;132;430;348
116.059817;415;428;439;346
116.094345;423;429;447;345
116.127717;435;421;455;344
116.163788;481;434;462;343
116.191863;487;438;469;342
116.227903;496;437;475;342
116.259879;475;255;482;341
116.291769;476;254;487;341
116.327918;476;254;491;340
116.359679;475;254;495;340
116.391805;475;254;498;339
116.427759;474;254;500;339
116.459721;472;255;501;339
116.491740;470;256;500;340
116.524769;468;256;519;432
116.559773;464;262;596;215
116.594971;463;259;596;215
116.623770;459;260;594;224
116.661053;455;261;452;261
116.688359;464;262;517;432
116.724162;447;264;444;264
116.759815;443;265;440;265
116.792184;439;267;468;352
116.825181;434;268;460;354
116.846867;447;264;444;264
116.892102;424;272;442;358
116.924220;417;274;430;361
116.959901;381;137;418;363
116.992882;376;138;404;365
117.024478;373;138;389;367
117.061828;368;139;374;368
117.091711;362;140;358;369
117.124644;357;140;342;368
117.155756;351;140;326;368
117.191768;342;140;364;223
117.225549;335;139;292;365
117.256021;329;139;282;362
117.291862;324;138;270;360
117.324552;319;137;262;356
117.356006;317;135;246;353
117.383373;333;217;282;362
117.426987;610;274;231;348
117.458692;613;276;226;346
117.490479;613;278;222;344
117.529735;481;388;221;343
117.557758;499;406;220;342
117.588895;518;424;221;342
117.627441;576;383;223;342
117.662265;590;391;226;343
117.689353;599;402;231;345
117.725931;610;408;237;347
117.756824;317;135;244;349
117.792703;318;136;249;352
117.821295;320;137;262;355
117.856921;323;138;270;358
117.890839;326;138;279;361
117.921369;329;139;289;363
117.979559;333;139;346;227
117.979831;336;139;270;358
118.025748;340;140;327;368
118.055171;343;140;340;369
118.086977;348;140;352;369
118.122741;353;140;364;369
118.154732;356;140;375;368
118.187075;359;140;385;368
118.222949;363;139;395;367
118.255150;366;139;404;366
118.286866;369;139;413;365
118.323563;373;138;421;368
118.354782;377;137;429;369
118.399753;380;136;436;369
118.425185;383;136;444;367
118.456860;385;135;449;366
118.486982;386;135;452;365
118.522966;389;134;455;363
118.553295;390;134;456;363
118.587833;391;133;458;363
118.619656;391;133;457;356
118.656522;391;133;455;356
118.688815;390;134;451;357
118.720660;390;134;446;358
118.753494;387;135;441;359
118.790029;385;135;433;361
118.819737;382;136;424;363
118.851872;379;137;414;364
118.888505;376;138;404;366
118.919732;370;139;392;368
118.951935;366;139;379;369
119.006309;361;140;366;369
119.012723;357;140;404;366
119.051943;351;140;341;369
119.087890;344;140;328;369
119.122494;340;140;322;368
119.152132;336;139;352;244
119.188075;333;139;291;365
119.220077;329;139;284;363
119.251993;326;138;276;361
119.287907;324;138;269;359
119.320008;322;137;264;357
119.351855;320;137;258;354
119.383919;319;137;251;353
119.419848;319;137;248;352
119.452400;318;137;247;351
119.483803;318;137;247;350
119.519819;318;137;247;350
119.552301;318;137;248;350
119.592003;319;137;249;351
119.619768;319;137;252;352
119.652411;320;137;259;354
119.684048;321;137;263;356
119.719827;321;137;268;358
119.752582;322;138;273;360
119.784107;324;138;280;362
119.819759;325;138;287;364
119.877052;326;139;293;366
119.878494;326;137;273;360
119.915945;333;139;322;368
119.951724;336;139;327;368
119.983955;339;140;337;369
120.018542;343;140;347;369
120.052195;348;140;357;369
120.084033;352;140;367;369
120.115952;356;140;377;368
120.157707;360;140;387;368
120.184036;365;139;396;367
120.216726;368;139;405;366
120.253639;372;138;413;365
120.284805;375;138;420;364
120.315696;378;137;427;362
120.351752;380;137;432;361
120.383986;382;136;436;360
120.416057;383;136;438;360
120.450620;384;136;440;359
120.484019;385;135;441;359
120.519067;386;135;440;359
120.547936;385;135;439;359
120.583702;384;136;437;360
120.617088;383;136;433;361
120.647839;381;137;427;362
120.684326;380;137;420;363
120.715785;377;138;414;364
120.748824;374;138;406;366
120.783935;370;139;398;367
120.822346;367;139;390;367
120.847879;363;140;380;368
120.885478;361;140;371;369
120.904042;358;140;398;367
120.948899;352;140;352;369
120.983185;350;140;343;369
121.016632;346;140;334;369
121.049235;343;140;325;368
121.081330;340;140;321;367
121.118106;338;140;351;219
121.149041;337;140;351;223
121.182131;335;140;292;364
121.212924;335;139;289;362
121.250493;333;139;285;361
121.281042;332;139;281;359
121.314604;331;139;277;358
121.349053;330;139;275;358
121.381116;329;139;273;358
121.412877;328;139;272;358
121.451607;327;139;271;358
121.481169;327;138;271;358
121.513763;327;138;272;358
121.549471;326;138;274;359
121.581160;326;138;277;361
121.612843;327;138;281;362
121.648761;327;138;285;363
121.680860;327;139;290;364
121.713140;328;139;293;366
121.744845;330;139;348;230
121.781236;332;139;349;226
121.813420;334;139;323;368
121.844778;335;140;328;368
121.884942;338;140;336;369
121.912909;342;140;344;369
121.944752;346;140;352;369
121.980848;350;140;360;369
122.012709;354;140;368;369
122.045043;357;140;376;369
122.081005;362;139;385;368
122.112745;365;139;392;367
122.144798;368;139;398;367
122.182317;370;139;404;366
122.212877;373;138;409;365
122.245749;375;138;412;365
122.277053;376;137;416;364
122.316550;378;137;418;364
122.345273;378;137;419;363
122.377651;379;137;420;363
122.412814;379;137;420;363
122.445740;378;137;419;364
122.477788;378;137;417;364
122.512865;376;138;415;364
122.544782;374;138;411;365
122.576850;373;138;406;366
122.614175;371;139;401;366
122.644964;369;139;395;367
122.677429;367;139;388;368
122.713065;365;139;382;368
122.745263;362;140;375;369
122.776917;360;140;369;369
122.816808;358;140;362;369
122.845078;356;140;356;369
122.877851;354;140;349;369
122.908719;352;140;342;369
122.951377;349;140;334;369
122.976957;348;140;328;368
123.011735;346;140;324;367
123.045533;344;140;322;367
123.078647;342;140;355;246
123.109151;341;140;354;246
123.144926;340;140;352;246
123.178507;339;140;350;246
123.208947;338;139;293;364
123.246080;337;139;292;363
123.276899;336;139;291;363
123.313495;335;139;290;363
123.345210;334;139;289;363
123.378734;333;139;289;363
123.408912;333;139;290;363
123.442955;332;139;290;364
123.476704;332;139;292;365
123.509121;332;139;293;366
123.540928;333;139;353;218
123.576802;333;139;354;218
123.609631;334;139;354;223
123.641251;335;139;321;368
123.679292;336;140;323;368
123.708696;337;140;326;368
123.745754;339;140;332;369
123.776740;341;140;338;369
123.808909;343;140;344;369
123.840739;346;140;350;369
123.920261;350;140;355;369
123.921822;352;140;338;369
123.923705;343;140;344;369
123.975834;359;140;374;369
124.007965;361;140;379;369
124.040915;362;140;383;368
124.076007;365;139;388;368
124.107861;366;139;391;368
124.139788;368;139;394;367
124.175925;369;139;396;367
124.208001;369;139;397;367
124.240952;370;139;398;367
124.276247;370;139;398;367
124.309091;370;139;398;367
124.341229;370;139;398;367
124.383185;369;139;397;367
124.410043;369;139;395;367
124.440862;368;139;393;367
124.471820;367;139;389;368
124.507801;366;139;385;368
124.539964;365;139;382;368
124.572073;363;140;377;369
124.616166;361;140;373;369
124.639827;360;140;368;369
124.671690;359;140;364;369
124.707949;358;140;360;369
124.739744;356;140;355;369
124.771680;355;140;351;369
124.807698;354;140;346;369
124.839794;353;140;341;369
124.872165;352;140;337;369
124.907791;351;140;333;368
124.940080;349;140;329;368
124.971964;348;140;326;368
125.003751;346;140;324;367
125.039870;344;140;323;367
125.072125;343;140;322;367
125.103677;342;140;362;223
125.140125;341;140;362;222
125.171718;340;140;361;223
125.204827;340;140;360;223
125.240935;339;140;360;223
125.271869;339;140;360;223
125.315036;339;140;356;223
125.340024;339;140;356;222
125.371721;339;140;321;367
125.403966;339;140;321;367
125.439885;339;140;322;367
125.471682;339;140;323;368
125.503906;340;140;324;368
125.535800;341;140;326;369
125.572000;341;140;330;369
125.616445;342;140;334;369
125.616799;340;140;324;368
125.670697;344;140;343;369
125.702799;346;140;346;369
125.738706;348;140;349;369
125.771316;350;140;353;369
125.802788;352;140;356;369
125.838936;353;140;360;369
125.870730;355;140;362;369
125.902818;356;140;365;369
125.940150;357;140;368;369
125.970935;358;140;370;369
126.002891;359;140;372;369
126.042234;360;140;374;369
126.071668;361;140;375;369
126.102686;361;140;376;369
126.135031;362;140;377;369
126.193916;363;139;377;369
126.202523;361;140;375;369
126.234810;363;139;376;369
126.270690;362;140;375;369
126.302798;361;140;374;369
126.329149;361;140;374;369
126.369743;360;140;370;369
126.402254;360;140;368;369
126.433684;359;140;366;369
126.469966;358;140;364;369
126.501755;358;140;362;369
126.537772;356;140;359;369
126.569735;356;140;357;369
126.601963;356;140;355;369
126.633719;355;140;353;369
126.669979;355;140;351;369
126.701751;354;140;348;369
126.733907;354;140;346;369
126.769784;353;140;353;369
126.800896;352;140;339;369
126.832672;351;140;338;369
126.868671;351;140;336;369
126.901995;351;140;334;369
126.933693;348;140;333;369
126.965895;347;140;332;368
127.001829;346;140;331;368
127.040260;346;140;331;368
127.065704;346;140;331;368
127.101985;346;140;331;368
127.126729;346;140;331;368
127.168331;346;140;331;368
127.198989;346;140;332;369
127.235062;347;140;332;369
127.267474;346;140;333;369
127.298748;346;140;335;369
127.334733;346;140;336;369
127.367002;347;140;339;369
127.398708;348;140;340;369
127.434718;348;140;342;369
127.477854;348;140;343;369
127.499466;348;140;345;369
127.536188;350;140;346;369
127.567463;350;140;348;369
127.598706;351;140;349;369
127.634731;351;140;350;370
127.667889;352;140;352;370
127.697374;352;140;348;369
127.733077;353;140;355;369
127.764799;353;140;356;369
127.800885;354;140;357;369
127.832842;354;140;358;369
127.865034;355;140;358;369
127.911886;355;140;359;369
127.913907;353;140;357;369
127.965873;355;140;360;369
127.998186;356;140;359;370
128.034034;356;140;359;369
128.066227;356;140;358;369
128.097721;356;140;357;369
128.129782;355;140;356;369
128.165950;356;140;356;369
128.197772;355;140;355;369
128.230014;355;140;354;369
128.266995;355;140;354;369
128.298039;355;140;353;369
128.329776;355;140;352;369
128.365853;355;140;351;369
128.397737;355;140;350;369
128.430083;355;140;349;369
128.467178;355;140;348;369
128.498624;355;140;348;369
128.529711;355;140;347;369
128.566073;355;140;347;369
128.598035;355;140;347;369
128.629807;355;140;346;369
128.661955;354;140;346;369
128.698748;354;140;346;369
128.729916;354;140;346;369
128.761967;354;140;346;369
128.797847;354;140;346;369
128.830076;354;140;347;369
128.862080;353;140;347;369
128.903925;353;140;348;369
128.930811;353;140;348;369
128.962003;353;140;349;369
128.997757;353;140;350;369
129.029889;353;140;350;369
129.062787;353;140;351;369
129.097894;353;140;352;369
129.130077;353;140;353;369
129.162084;353;140;353;369
129.199422;354;140;353;369
129.230158;354;140;353;369
129.263079;354;140;354;369
129.294028;354;140;354;369
129.329912;354;140;354;369
129.362137;354;140;354;369
129.398478;354;140;354;369
129.432048;353;140;354;369
129.469913;354;140;354;369
129.513417;354;140;354;369
129.514006;354;140;354;369
129.564476;353;140;352;369
129.593953;353;140;351;369
129.632281;353;140;351;369
129.661967;353;140;350;369
129.695485;353;140;350;369
129.730047;353;140;349;369
129.765639;353;140;348;369
129.793659;353;140;348;369
129.827756;353;140;348;369
129.861699;353;140;348;369
129.894086;352;140;347;369
129.926175;353;140;347;369
129.968949;353;140;346;369
129.993705;353;140;346;369
130.025899;353;140;346;369
130.061705;352;140;346;369
130.093657;353;140;346;369
130.125760;353;140;346;369
130.161691;353;140;346;369
130.193737;353;140;346;369
130.225744;353;140;346;369
130.261775;353;140;346;369
130.293661;353;140;347;369
130.325738;353;140;348;369
130.357778;353;140;348;369
130.393900;353;140;349;369
130.425788;353;140;350;369
130.466870;353;140;350;369
130.467683;353;140;348;369
130.527902;353;140;352;369
130.559887;353;140;352;369
130.592419;353;140;353;369
130.623708;353;140;353;369
130.659757;353;140;353;369
130.691685;354;140;353;369
130.725545;353;140;353;369
130.759793;353;140;354;369
130.791694;354;140;354;369
130.823735;354;140;354;369
130.860751;353;140;353;370
130.891773;353;140;353;369
130.923718;354;140;353;369
130.961589;354;140;353;369
130.966638;353;140;353;370
131.026809;354;140;352;369
131.058703;352;140;351;369
131.090739;353;140;351;369
131.122701;354;140;350;369
131.158727;353;140;350;369
131.190689;353;140;349;369
131.222791;353;140;348;369
131.258745;353;140;348;369
131.290746;352;140;348;369
131.322723;352;140;348;369
131.359041;352;140;347;369
131.390927;352;140;347;369
131.423732;352;140;347;369
131.458692;352;140;346;369
131.490711;352;140;346;369
131.522698;353;140;346;369
131.558877;352;140;346;369
131.590783;352;140;346;369
131.622776;352;140;346;369
131.654724;352;140;347;369
131.690636;352;140;347;369
131.722684;353;140;347;369
131.754790;353;140;348;369
131.790892;353;140;348;369
131.822794;353;140;349;369
131.855650;353;140;349;369
131.879906;353;140;348;369
131.922726;353;140;351;369
131.954640;353;140;352;369
132.042225;353;140;352;369
132.045796;353;140;348;369
132.048616;353;140;351;369
132.088923;353;140;353;369
132.123905;354;140;353;369
132.156282;352;140;353;369
132.194964;353;140;351;369
132.195399;353;140;353;369
132.259379;353;140;354;369
132.261050;352;140;353;369
132.321423;354;140;353;369
132.356702;353;140;353;369
132.388792;354;140;352;369
132.420704;354;140;352;369
132.453087;353;140;352;369
132.488738;353;140;351;369
132.520784;353;140;351;369
132.552823;353;140;351;369
132.589765;353;140;350;369
132.620758;353;140;350;369
132.652743;353;140;349;369
132.688857;353;140;349;369
132.720722;353;140;348;369
132.752713;353;140;348;369
132.788679;353;140;347;369
132.820711;353;140;347;369
132.852684;353;140;347;369
132.908091;353;140;347;369
132.908597;353;140;347;369
132.961327;353;140;347;369
132.986767;353;140;346;369
133.019721;353;140;347;369
133.055116;353;140;347;369
133.088707;353;140;347;369
133.118826;353;140;348;369
133.158548;353;140;348;369
133.187578;353;140;348;369
133.218828;353;140;348;369
133.255885;353;140;349;369
133.287639;353;140;349;369
133.319186;353;140;350;369
133.350747;353;140;350;369
133.386951;353;140;351;369
133.418664;353;140;351;369
133.452844;353;140;351;369
133.487173;353;140;352;369
133.527160;353;140;352;369
133.550825;353;140;352;369
133.589383;353;140;353;369
133.618901;353;140;353;369
133.650986;353;140;353;369
133.683445;353;140;353;369
133.719665;354;140;353;369
133.752813;353;140;353;369
133.784465;354;140;353;369
133.820257;354;140;352;369
133.851851;354;140;352;369
133.883699;353;140;352;369
133.919924;353;140;351;369
133.952276;354;140;351;369
133.984271;353;140;350;369
134.017327;353;140;350;369
134.051802;353;140;350;369
134.083745;353;140;349;369
134.115769;353;140;349;369
134.160050;353;140;348;369
134.183832;353;140;348;369
134.216196;353;140;348;369
134.251863;353;140;347;369
134.285595;353;140;347;369
134.316021;353;140;347;369
134.353278;353;140;347;369
134.384581;353;140;347;369
134.415948;353;140;347;369
134.452992;353;140;347;369
134.483794;353;140;347;369
134.517588;353;140;347;369
134.551923;353;140;347;369
134.598245;353;140;347;369
134.600712;353;140;347;369
134.650144;354;140;349;369
134.684876;353;140;349;369
134.718061;353;140;350;369
134.748950;353;140;350;369
134.790045;353;140;350;369
134.816860;353;140;351;369
134.851639;353;140;351;369
134.880957;353;140;351;369
134.917783;352;140;352;369
134.948821;354;140;352;369
134.982022;353;140;352;369
135.016787;353;140;353;369
135.049210;353;140;353;369
135.081724;353;140;353;369
135.117168;354;140;353;369
135.149805;354;140;353;369
135.182819;354;140;353;369
135.232073;354;140;353;369
135.279877;352;140;352;369
135.315739;352;140;351;369
135.347958;354;140;351;370
135.380036;354;140;351;369
135.417509;353;140;350;369
135.447758;353;140;350;369
135.480134;353;140;350;369
135.515861;353;140;349;369
135.549892;353;140;349;369
135.566997;353;140;350;369
135.615251;353;140;348;369
135.640114;352;140;349;369
135.684004;352;140;347;369
135.711929;353;140;347;369
135.747749;353;140;347;369
135.779702;352;140;347;369
135.811728;353;140;347;369
135.864970;353;140;347;369
135.865241;353;140;347;369
135.912696;353;140;347;369
135.944731;353;140;348;369
135.980737;353;140;348;369
136.012710;353;140;348;369
136.045712;353;140;348;369
136.080612;353;140;349;369
136.112633;353;140;349;369
136.144807;353;140;349;369
136.189056;353;140;350;369
136.190000;353;140;349;369
136.249537;353;140;351;369
136.279650;353;140;351;369
136.311804;353;140;352;369
136.346775;353;140;352;369
136.380661;353;140;352;369
136.411852;354;140;352;369
136.444013;354;140;353;369
136.480521;354;140;353;369
136.512493;354;140;353;369
136.546643;354;140;353;369
136.580452;353;140;353;369
136.612633;353;140;353;369
136.645272;353;140;353;369
136.679885;354;140;352;369
136.711845;353;140;352;369
136.744099;354;140;352;369
136.780115;354;140;352;369
136.812663;354;140;352;369
136.844731;354;140;351;369
136.875913;354;140;351;369
136.912536;354;140;350;369
136.943883;354;140;350;369
136.978194;353;140;349;369
137.014579;353;140;349;369
137.044796;353;140;349;369
137.077310;353;140;348;369
137.112522;353;140;348;369
137.144935;353;140;348;369
137.175836;353;140;348;369
137.212621;353;140;348;369
137.243903;353;140;348;369
137.275980;353;140;347;369
137.312079;353;140;347;369
137.344769;353;140;347;369
137.375986;353;140;348;369
137.424921;353;140;348;369
137.430969;353;140;347;369
137.475039;353;140;348;369
137.510830;353;140;349;369
137.542819;353;140;349;369
137.574936;353;140;350;369
137.611097;354;140;350;369
137.643356;354;140;350;369
137.674834;353;140;351;369
137.711593;353;140;351;369
137.742972;353;140;351;369
137.774790;353;140;351;369
137.810742;353;140;352;369
137.842829;353;140;352;369
137.875053;353;140;352;369
137.907231;354;140;352;369
137.943029;354;140;352;369
137.976319;354;140;352;369
138.007078;354;140;353;369
138.049081;353;140;352;369
138.052036;354;140;352;369
138.108706;353;140;352;369
138.139895;352;140;352;369
138.176583;353;140;352;369
138.208302;353;140;351;369
138.240010;353;140;351;369
138.276040;353;140;351;369
138.307953;352;140;350;369
138.350058;353;140;350;369
138.376260;354;140;350;369
138.411004;353;140;349;369
138.440010;353;140;349;369
138.478096;353;140;349;369
138.507804;353;140;348;369
138.540057;353;140;348;369
138.576550;353;140;348;369
138.580948;353;140;349;369
138.640709;353;140;347;369
138.672050;352;140;347;369
138.707689;353;140;347;369
138.739796;353;140;348;369
138.771804;353;140;348;369
138.807828;353;140;348;369
138.842067;353;140;348;369
138.871750;353;140;348;369
138.908519;353;140;348;369
138.972744;352;140;348;369
138.975706;353;140;348;369
139.007763;353;140;350;369
139.039137;353;140;350;369
139.070912;354;140;350;369
139.107597;353;140;351;369
139.139124;353;140;351;369
139.170846;353;140;351;369
139.207048;354;140;351;369
139.240838;353;140;352;369
139.271999;353;140;352;369
139.307374;353;140;352;369
139.357966;353;140;352;369
139.358565;354;140;352;369
139.403957;353;140;352;369
139.439658;354;140;352;370
139.471985;354;140;352;369
139.503737;353;140;352;369
139.540012;353;140;352;369
139.571905;353;140;352;369
139.603754;354;140;351;369
139.642912;354;140;351;369
139.671741;353;140;351;369
139.704091;353;140;351;369
139.735737;353;140;350;369
139.771982;354;140;350;369
139.803695;353;140;350;369
139.837892;354;140;350;369
139.880020;353;140;350;369
139.882604;354;140;350;369
139.949018;353;140;348;369
139.950859;353;140;350;369
140.004702;353;140;348;369
140.037861;353;140;348;369
140.069736;353;140;348;369
140.101750;353;140;348;369
140.138070;353;140;348;369
140.181025;353;140;348;369
140.187563;353;140;348;369
140.235350;353;140;348;369
140.270981;353;140;348;369
140.303357;353;140;349;369
140.335305;353;140;349;369
140.371554;353;140;349;369
140.402792;352;140;349;369
140.435173;352;140;349;369
140.470956;353;140;350;369
140.502951;353;140;350;369
140.535196;353;140;350;369
140.570984;353;140;350;369
140.603272;353;140;351;369
140.635161;353;140;351;369
140.667362;353;140;351;369
140.702709;353;140;352;369
140.734708;354;140;352;369
140.766855;353;140;352;369
140.802700;354;140;352;369
140.835212;353;140;352;369
140.866841;353;140;352;369
140.903225;353;140;352;369
140.935005;354;140;352;369
140.967329;354;140;352;369
141.002988;353;140;352;369
141.043649;354;140;352;369
141.068542;354;140;352;369
141.103021;354;140;351;369
141.134930;353;140;351;369
141.167165;353;140;351;369
141.202730;353;140;350;369
141.234823;353;140;350;369
141.267721;353;140;350;369
141.300463;353;140;350;369
141.334737;353;140;349;369
141.366870;353;140;349;369
141.399611;353;140;349;369
141.434739;353;140;349;369
141.467253;354;140;349;369
141.498989;353;140;348;369
141.535194;353;140;348;369
141.566973;353;140;348;369
141.598951;353;140;348;369
141.635146;353;140;348;369
141.669605;353;140;348;369
141.699172;353;140;348;369
141.734800;353;140;348;369
141.766824;353;140;348;369
141.798884;353;140;349;369
141.830883;353;140;349;369
141.867059;353;140;349;369
141.898817;353;140;349;369
141.930834;353;140;349;369
141.966693;353;140;350;369
141.998964;353;140;350;369
142.032711;353;140;351;369
142.066846;353;140;351;369
142.098942;353;140;351;369
142.130718;353;140;351;369
142.167017;353;140;351;369
142.198783;353;140;351;369
142.231373;353;140;352;369
142.268229;353;140;352;369
142.299545;353;140;352;369
142.330709;353;140;352;369
142.363124;353;140;352;369
142.398828;353;140;352;369
142.430736;353;140;352;369
142.463252;353;140;351;369
142.498815;353;140;351;369
142.531224;353;140;351;369
142.562798;353;140;351;369
142.599118;353;140;350;369
142.631355;353;140;350;369
142.663818;353;140;350;369
142.698724;353;140;350;369
142.730932;353;140;350;369
142.763075;353;140;349;369
142.798801;353;140;349;369
142.830926;353;140;349;369
142.862833;353;140;349;369
142.899307;353;140;349;369
142.930857;353;140;348;369
142.962850;353;140;348;369
142.994901;353;140;348;369
143.030722;353;140;348;369
143.062938;353;140;348;369
143.094770;353;140;348;369
143.131318;353;140;348;369
143.163047;353;140;348;369
143.195112;353;140;349;369
143.230850;353;140;349;369
143.263205;353;140;349;369
143.294925;353;140;349;369
143.330726;353;140;349;369
143.362914;353;140;349;369
143.394689;353;140;349;369
143.430903;353;140;350;369
143.462771;353;140;350;369
143.495272;353;140;350;369
143.527592;353;140;350;369
143.562762;353;140;351;369
143.595068;353;140;351;369
143.626790;354;140;351;369
143.662934;353;140;351;369
143.694720;353;140;351;369
143.727263;353;140;352;369
143.763675;353;140;352;369
143.794883;353;140;352;369
143.826736;353;140;352;369
143.862671;354;140;352;369
143.894986;354;140;351;369
143.926816;354;140;351;369
143.963397;354;140;351;369
144.001498;354;140;351;369
144.027477;353;140;351;369
144.059640;353;140;350;369
144.094779;353;140;350;369
144.126948;353;140;350;369
144.159036;354;140;350;369
144.195724;353;140;350;369
144.226742;353;140;350;369
144.259058;354;140;349;369
144.296640;353;140;349;369
144.327154;353;140;349;369
144.358657;353;140;349;369
144.395167;353;140;349;369
144.426928;353;140;349;369
144.458842;353;140;348;369
144.495342;353;140;348;369
144.526822;353;140;348;369
144.559184;353;140;348;369
144.595643;353;140;348;369
144.627172;353;140;349;369
144.658780;353;140;349;369
144.690760;353;140;349;369
144.727085;353;140;349;369
144.758988;353;140;349;369
144.790849;353;140;349;369
144.826703;353;140;350;369
144.859213;353;140;350;369
144.890856;353;140;350;369
144.927324;353;140;350;369
144.958835;353;140;350;369
144.990913;353;140;351;369
145.026860;353;140;351;369
145.058699;353;140;351;369
145.091141;353;140;351;369
145.126903;353;140;351;369
145.159643;353;140;352;369
145.193809;353;140;352;369
145.222812;353;140;352;369
145.260174;353;140;351;369
145.290814;353;140;351;369
145.323294;353;140;351;369
145.358727;354;140;351;369
145.390945;354;140;351;369
145.422748;354;140;351;369
145.458775;353;140;351;369
145.490939;353;140;351;369
145.522860;354;140;350;369
145.559017;354;140;350;369
145.590765;354;140;350;369
145.622929;353;140;350;369
145.658728;354;140;350;369
145.691104;353;140;349;369
145.722835;353;140;349;369
145.754846;353;140;349;369
145.790880;353;140;349;369
145.822755;353;140;349;369
145.854915;353;140;349;369
145.891106;353;140;349;369
145.923257;353;140;349;369
145.955251;353;140;349;369
145.991317;353;140;349;369
146.023162;353;140;349;369
146.055274;353;140;349;369
146.090949;353;140;349;369
146.122872;353;140;349;369
146.155604;353;140;349;369
146.190716;353;140;349;369
146.223839;353;140;349;369
146.255861;353;140;350;369
146.290960;353;140;350;369
146.324717;353;140;350;369
146.354921;353;140;350;369
146.386784;353;140;350;369
146.422681;353;140;350;369
146.454941;353;140;351;369
146.487749;354;140;351;369
146.523508;354;140;351;369
146.554876;353;140;351;369
146.586942;353;140;351;369
146.625705;354;140;351;369
146.654783;353;140;351;369
146.687010;353;140;351;369
146.724139;353;140;351;369
146.754753;353;140;351;369
146.787194;354;140;351;369
146.823765;353;140;351;369
146.854657;353;140;351;369
146.887462;353;140;351;369
146.918897;353;140;351;369
146.954973;353;140;350;369
146.987848;353;140;350;369
147.018829;353;140;350;369
147.054664;353;140;350;369
147.086737;353;140;350;369
147.119467;353;140;350;369
147.154762;353;140;350;369
147.187449;353;140;349;369
147.218803;353;140;349;369
147.255240;353;140;349;369
147.289858;353;140;349;369
147.319041;354;140;349;369
147.354903;354;140;349;369
147.387821;354;140;349;369
147.419688;353;140;349;369
147.451616;353;140;349;369
147.487166;353;140;349;369
147.520643;353;140;349;369
147.550785;353;140;349;369
147.587824;353;140;349;369
147.618855;353;140;349;369
147.651524;353;140;349;369
147.686856;353;140;349;369
147.719092;353;140;350;369
147.750756;353;140;350;369
147.786745;353;140;350;369
147.818700;353;140;350;369
147.850830;353;140;350;369
147.886994;353;140;350;369
147.918726;353;140;350;369
147.951210;353;140;350;369
147.986713;353;140;350;369
148.019125;353;140;351;369
148.052539;353;140;351;369
148.084543;353;140;351;369
148.118758;353;140;351;369
148.150763;353;140;351;369
148.182913;353;140;351;369
148.218737;353;140;351;369
148.251522;353;140;351;369
148.282813;353;140;351;369
148.318923;353;140;351;369
148.354104;353;140;350;369
148.383352;353;140;350;369
148.420690;353;140;350;369
148.450911;354;140;350;369
148.483359;353;140;350;369
148.518823;353;140;350;369
148.551082;353;140;350;369
148.583691;353;140;350;369
148.615116;353;140;349;369
148.650853;353;140;349;369
148.683213;353;140;349;369
148.715197;353;140;349;369
148.750719;353;140;349;369
148.783081;353;140;349;369
148.815463;353;140;349;369
148.851598;353;140;349;369
148.883139;353;140;349;369
148.914639;353;140;349;369
148.950815;353;140;349;369
148.982710;353;140;349;369
149.014868;353;140;349;369
149.050751;353;140;349;369
149.083599;353;140;349;369
149.114840;353;140;350;369
149.151371;353;140;350;369
149.184063;353;140;350;369
149.215141;353;140;350;369
149.246753;353;140;350;369
149.283317;353;140;350;369
149.314971;353;140;350;369
149.346791;353;140;350;369
149.383526;353;140;351;369
149.416852;353;140;351;369
149.446827;353;140;351;369
149.483742;353;140;351;369
149.514906;353;140;351;369
149.547100;353;140;351;369
149.582978;353;140;351;369
149.616046;353;140;351;369
149.646770;353;140;351;369
149.683377;353;140;351;369
149.716211;353;140;351;369
149.746760;353;140;351;369
149.778873;353;140;350;369
149.814838;353;140;350;369
149.846773;353;140;350;369
149.878782;353;140;350;369
149.915586;353;140;350;369
149.946730;353;140;350;369
149.979085;353;140;350;369
150.015674;353;140;350;369
150.047586;353;140;350;369
150.079089;353;140;350;369
150.115046;353;140;350;369
150.146642;353;140;349;369
150.178773;353;140;349;369
150.215000;353;140;349;369
150.246708;353;140;349;369
150.279438;353;140;349;369
150.310702;353;140;349;369
150.347051;353;140;349;369
150.379540;353;140;349;369
150.410830;353;140;349;369
150.446751;353;140;349;369
150.479326;353;140;349;369
150.511094;353;140;349;369
150.547064;353;140;349;369
150.579218;353;140;350;369
150.610991;353;140;350;369
150.647536;353;140;350;369
150.679734;353;140;350;369
150.711078;353;140;350;369
150.746731;353;140;350;369
150.778810;353;140;350;369
150.811496;353;140;350;369
150.847069;353;140;350;369
150.878841;353;140;350;369
150.921170;353;140;350;369
150.942946;353;140;350;369
150.978969;353;140;350;369
151.010818;353;140;350;369
151.043118;353;140;350;369
151.078757;353;140;350;369
151.111267;353;140;350;369
151.142802;353;140;350;369
151.179107;353;140;350;369
151.211090;353;140;350;369
151.243665;353;140;350;369
151.279731;353;140;350;369
151.310924;353;140;350;369
151.343198;353;140;350;369
151.378856;353;140;350;369
151.411128;353;140;350;369
151.442667;353;140;350;369
151.474703;353;140;350;369
151.510794;353;140;349;369
151.542729;353;140;349;369
151.574969;353;140;349;369
151.610638;353;140;349;369
151.643136;353;140;349;369
151.674924;353;140;349;369
151.711598;353;140;349;369
151.743903;353;140;349;369
151.775372;353;140;349;369
151.810741;353;140;349;369
151.842828;353;140;349;369
151.875041;353;140;349;369
151.911122;353;140;349;369
151.943429;353;140;349;369
151.975014;353;140;350;369
152.007169;353;140;350;369
152.043219;353;140;350;369
152.075870;353;140;350;369
152.106811;353;140;350;369
152.142672;353;140;350;369
152.174940;353;140;350;369
152.206713;353;140;350;369
152.242992;353;140;350;369
152.274670;353;140;350;369
152.307372;353;140;350;369
152.342783;353;140;350;369
152.374876;353;140;350;369
152.406809;353;140;350;369
152.442677;353;140;350;369
152.474700;353;140;350;369
152.507591;353;140;350;369
152.543713;353;140;350;369
152.576818;353;140;350;369
152.607048;353;140;350;369
152.638938;353;140;350;369
152.674726;353;140;350;369
152.707330;353;140;350;369
152.738830;353;140;350;369
152.775231;353;140;350;369
152.806661;353;140;350;369
152.839134;353;140;350;369
152.874715;353;140;350;369
152.907823;353;140;350;369
152.938819;353;140;350;369
152.974992;353;140;350;369
153.007031;353;140;350;369
153.042254;353;140;350;369
153.075629;353;140;350;369
153.107281;353;140;350;369
153.138643;353;140;350;369
153.171121;353;140;350;369
153.206716;353;140;350;369
153.238926;353;140;350;369
153.271780;353;140;350;369
153.306845;353;140;350;369
153.339516;353;140;350;369
153.370713;353;140;350;369
153.407196;353;140;350;369
153.438654;353;140;350;369
153.471083;353;140;350;369
153.507747;353;140;350;369
153.538788;353;140;350;369
153.570723;353;140;350;369
153.606958;353;140;350;369
153.638809;353;140;350;369
153.670755;354;140;350;369
153.702958;353;140;350;369
153.738845;353;140;350;369
153.770893;353;140;350;369
153.803670;353;140;350;369
153.839077;353;140;350;369
153.870631;353;140;350;369
153.902894;353;140;350;369
153.939029;353;140;350;369
153.970716;353;140;350;369
154.002828;353;140;350;369
154.038653;353;140;350;369
154.071486;353;140;350;369
154.104294;353;140;350;369
154.138878;353;140;350;369
154.172075;353;140;350;369
154.203543;353;140;350;369
154.238844;353;140;350;369
154.270852;353;140;350;369
154.303490;353;140;350;369
154.334800;353;140;350;369
154.371090;353;140;350;369
154.403201;353;140;350;369
154.434927;353;140;350;369
154.471757;353;140;350;369
154.502872;353;140;350;369
154.534858;353;140;349;369
154.570848;353;140;349;369
154.602960;353;140;349;369
154.634729;353;140;349;369
154.671249;353;140;350;369
154.702881;353;140;349;369
154.735186;353;140;350;369
154.770706;353;140;350;369
154.803023;353;140;350;369
154.834938;353;140;350;369
154.866916;353;140;350;369
154.903116;353;140;350;369
154.934863;353;140;350;369
154.966969;353;140;350;369
155.002768;353;140;350;369
155.034893;353;140;350;369
155.066758;353;140;350;369
155.103233;353;140;350;369
155.135957;353;140;350;369
155.167099;353;140;350;369
155.202896;353;140;350;369
155.234676;353;140;350;369
155.267050;353;140;350;369
155.296831;353;140;350;369
155.333051;353;140;350;369
155.369375;353;140;350;369
155.401288;353;140;350;369
155.432792;353;140;350;369
155.468694;353;140;350;369
155.500897;353;140;350;369
155.532835;353;140;350;369
155.569785;353;140;350;369
155.600828;353;140;350;369
155.633000;354;140;350;369
155.665001;353;140;350;369
155.701241;351;140;350;369
155.733010;348;140;350;369
155.765184;358;140;350;369
155.801212;358;140;350;369
155.834252;357;139;350;369
155.865484;356;139;350;369
155.900822;356;139;350;369
155.933326;355;139;350;369
155.965094;356;135;350;369
156.000861;354;136;350;369
156.033153;354;136;350;369
156.064680;354;135;350;369
156.100858;354;134;350;369
156.133780;354;134;350;369
156.164968;354;135;350;369
156.201572;354;135;350;369
156.232680;353;135;349;369
156.265190;354;135;349;369
156.296720;354;136;350;369
156.333120;354;136;350;369
156.364794;354;135;350;369
156.396752;354;136;350;369
156.432929;354;135;350;369
156.465276;354;136;350;369
156.496901;354;136;350;369
156.532773;354;136;350;369
156.565169;354;136;350;369
156.597718;354;136;350;369
156.633476;354;136;350;369
156.665565;354;136;350;369
156.696978;354;136;350;369
156.732988;354;136;350;369
156.764750;355;136;351;369
156.797066;355;136;351;369
156.828901;355;136;351;369
156.864786;354;136;351;369
156.898787;354;136;351;369
156.928939;354;136;351;369
156.964943;354;136;351;369
156.996777;354;136;351;369
157.029165;354;136;351;369
157.064789;354;136;351;369
157.097186;354;136;351;369
157.128935;354;136;351;369
157.165090;354;136;351;369
157.197052;354;136;351;369
157.228862;354;136;351;369
157.265282;354;136;351;369
157.296746;354;136;351;369
157.329226;354;136;351;369
157.361625;354;136;351;369
157.396770;354;136;351;369
157.430481;354;136;351;369
157.461453;355;136;351;369
157.497111;355;136;351;369
157.528730;355;136;351;369
157.561136;355;136;351;369
157.596700;355;136;351;369
157.629031;355;136;351;369
157.665056;355;136;351;369
157.697065;355;136;351;369
157.728880;355;136;351;369
157.760713;355;136;351;369
157.797347;355;136;351;369
157.828900;355;136;351;369
157.860988;355;136;351;369
157.896784;355;136;351;369
157.928723;355;136;351;369
157.961647;355;136;351;369
157.992783;355;136;351;369
158.028772;355;136;351;369
158.060854;355;136;351;369
158.092858;355;137;351;369
158.128769;355;137;351;369
158.162624;355;137;351;369
158.193020;355;137;350;369
158.233311;355;137;350;369
158.260907;355;137;350;369
158.292816;355;137;350;369
158.330590;355;137;350;369
158.361332;353;136;350;369
158.392663;352;134;350;369
158.432287;356;132;350;369
158.460847;352;140;350;369
158.493094;354;140;350;369
158.525474;356;140;350;369
158.560872;351;140;350;369
158.592866;353;140;350;369
158.624956;353;140;350;369
158.663911;352;140;350;369
158.693049;351;140;350;369
158.724983;352;140;350;369
158.762207;353;140;350;369
158.792891;353;140;350;369
158.826874;354;140;350;369
158.860979;353;140;350;369
158.893132;354;140;350;369
158.924743;354;140;350;369
158.960991;354;140;350;369
158.993652;354;140;350;369
159.025228;354;140;350;369
159.057631;354;140;350;369
159.093253;354;140;350;369
159.125599;354;140;350;369
159.156725;354;140;350;369
159.193197;354;140;350;369
159.224811;354;140;350;369
159.257069;353;140;350;369
159.292909;352;140;350;369
159.325072;353;140;350;369
159.356829;353;140;350;369
159.392713;354;140;351;369
159.424846;354;140;350;369
159.457131;354;140;350;369
159.493151;354;140;350;369
159.524714;354;140;350;369
159.557165;354;140;350;369
159.593086;354;140;351;369
159.625189;354;140;350;369
159.656639;354;140;351;369
159.688719;354;140;351;369
159.724855;354;140;351;369
159.756845;354;140;350;369
159.789044;354;140;350;369
159.824940;354;140;350;369
159.857317;353;140;350;369
159.888653;354;140;350;369
159.924801;353;140;350;369
159.957058;354;140;350;369
159.988822;354;140;350;369
160.024823;353;140;350;369
160.061374;353;140;350;369
160.089574;354;140;350;369
160.124930;353;140;350;369
160.157003;353;140;350;369
160.188996;353;140;350;369
160.220702;354;140;350;369
160.257061;353;140;350;369
160.288868;353;140;350;369
160.320987;353;140;350;369
160.358946;353;140;350;369
160.389700;353;140;350;369
160.420746;353;140;350;369
160.456692;353;140;350;369
160.488919;353;140;350;369
160.520723;354;140;350;369
160.557107;354;140;350;369
160.588810;354;140;350;369
160.621141;353;140;350;369
160.656925;354;140;350;369
160.689073;353;140;350;369
160.720804;353;140;350;369
160.754701;353;140;351;369
160.790656;353;140;351;369
160.821267;354;140;351;369
160.852901;354;140;351;369
160.888913;354;140;351;369
160.921076;354;140;351;369
160.953792;353;140;351;369
160.988794;354;140;351;369
161.020953;354;140;351;369
161.052958;354;140;351;369
161.088923;354;140;351;369
161.121068;354;140;350;369
161.152667;354;140;351;369
161.188605;353;140;350;369
161.221623;353;140;350;369
161.252696;353;140;350;369
161.288816;353;140;350;369
161.322382;353;140;350;369
161.352833;353;140;350;369
161.384951;353;140;350;369
161.420891;353;140;350;369
161.453314;353;140;350;369
161.485575;354;140;350;369
161.520762;353;140;350;369
161.552865;353;140;350;369
161.584704;353;140;350;369
161.620876;353;140;350;369
161.652975;353;140;350;369
161.684933;353;140;350;369
161.720786;353;140;350;369
161.752733;353;140;350;369
161.784764;353;140;350;369
161.820729;353;140;350;369
161.852866;353;140;350;369
161.886417;353;140;350;369
161.917078;352;140;350;369
161.952715;353;140;350;369
161.984686;354;140;350;369
162.016869;354;140;350;369
162.052713;353;140;350;369
162.084684;354;140;350;369
162.116919;354;140;350;369
162.152857;353;140;350;369
162.184768;354;140;350;369
162.216785;354;140;350;369
162.253383;354;140;350;369
162.285109;354;140;350;369
162.316617;354;140;351;369
162.353054;354;140;350;369
162.386527;354;140;350;369
162.416892;354;140;350;369
162.453231;354;140;350;369
162.484819;354;140;350;369
162.516820;354;140;350;369
162.548860;354;140;350;369
162.584856;354;140;350;369
162.616822;354;140;351;369
162.650751;354;140;351;369
162.684880;354;140;351;369
162.718645;354;140;351;369
162.748980;354;140;351;369
162.784756;354;140;351;369
162.818594;354;140;351;369
162.849255;354;140;351;369
162.887455;354;140;351;369
162.916897;354;140;351;369
162.948853;354;140;351;369
162.985001;354;140;351;369
163.017062;354;140;351;369
163.049137;353;140;351;369
163.081202;353;140;351;369
163.132103;353;140;351;369
163.134814;354;140;351;369
163.182753;354;140;352;369
163.214921;354;140;351;369
163.250892;354;140;351;369
163.282921;352;140;351;369
163.314947;351;140;351;369
163.347421;350;140;351;369
163.382804;351;140;350;369
163.415159;351;140;350;369
163.446841;352;140;350;369
163.482862;353;140;350;369
163.515587;353;140;350;369
163.546781;354;140;350;369
163.582799;354;140;350;369
163.616524;354;140;351;369
163.644223;354;140;350;369
163.680077;353;140;350;369
163.715889;354;140;350;369
163.748336;354;140;350;369
163.779958;353;140;350;369
163.815876;353;140;350;369
163.850657;354;140;350;369
163.880243;353;140;350;369
163.915810;353;140;350;369
163.947773;353;140;350;369
163.980033;353;140;350;369
164.011837;354;140;350;369
164.047794;354;140;350;369
164.079837;354;140;350;369
164.112183;354;140;350;369
164.149765;354;140;350;369
164.179939;354;140;351;369
164.212064;354;140;350;369
164.247974;354;140;350;369
164.280358;354;140;350;369
164.311824;354;140;350;369
164.348215;354;140;351;369
164.379863;354;140;350;369
164.412120;354;140;350;369
164.447874;354;140;351;369
164.485732;354;140;351;369
164.512369;354;140;351;369
164.548809;354;140;351;369
164.579812;354;140;351;369
164.611952;354;140;351;369
164.644504;354;140;351;369
164.680010;354;140;351;369
164.711821;354;140;351;369
164.744047;354;140;351;369
164.779839;354;140;351;369
164.811976;354;140;351;369
164.843836;354;140;351;369
164.879881;354;140;351;369
164.914606;354;140;351;369
164.947447;354;140;351;369
164.979912;354;140;351;369
165.011719;354;140;351;369
165.045368;354;140;351;369
165.082896;353;140;351;369
165.112284;353;140;351;369
165.143848;353;140;351;369
165.176263;353;140;351;369
165.211968;353;140;350;369
165.243785;353;140;350;369
165.275760;353;140;350;369
165.311780;354;140;350;369
165.343860;354;140;350;369
165.377108;353;140;350;369
165.411855;354;140;350;369
165.443938;354;140;350;369
165.476697;354;140;350;369
165.511885;354;140;350;369
165.551215;354;140;350;369
165.576881;354;140;350;369
165.616966;354;140;350;369
165.643879;354;140;350;369
165.678445;354;140;350;369
165.708323;354;140;350;369
165.744608;353;140;351;369
165.777934;353;140;351;369
165.807863;354;140;351;369
165.843751;354;140;351;369
165.876119;354;140;351;369
165.909585;354;140;351;369
165.944068;354;140;351;369
165.976846;354;140;351;369
166.007986;354;140;351;369
166.043912;354;140;351;369
166.078032;354;140;351;369
166.107933;354;140;351;369
166.144290;354;140;351;369
166.175946;354;140;351;369
166.209031;354;140;351;369
166.244529;353;140;351;369
166.276327;354;140;351;369
166.314056;353;140;351;369
166.340891;354;140;351;369
166.378975;353;140;351;369
166.409171;354;140;351;369
166.439930;354;140;351;369
166.478446;354;140;351;369
166.507975;353;140;351;369
166.540072;354;140;351;369
166.575979;354;140;350;369
166.610733;354;140;350;369
166.640666;354;140;350;369
166.677679;354;140;351;369
166.707964;354;140;350;369
166.740538;354;140;350;369
166.776965;354;140;350;369
166.815018;354;140;350;369
166.840613;354;140;350;369
166.872564;353;140;350;369
166.909282;354;140;350;369
166.940068;353;140;350;369
166.978345;353;140;350;369
167.008609;353;140;350;369
167.039904;354;140;350;369
167.072015;354;140;350;369
167.112872;354;140;350;369
167.139850;354;140;350;369
167.172467;354;140;351;369
167.208946;354;140;350;369
167.241773;354;140;351;369
167.272876;354;140;351;369
167.307761;354;140;351;369
167.342042;354;140;351;369
167.371883;354;140;351;369
167.404000;354;140;351;369
167.440464;354;140;351;369
167.473227;354;140;351;369
167.503924;354;140;351;369
167.542175;354;140;351;369
167.574318;354;140;351;369
167.604225;353;140;351;369
167.640656;353;140;351;369
167.671961;354;140;351;369
167.704245;354;140;351;369
167.739825;354;140;351;369
167.772038;354;140;351;369
167.804362;354;140;351;369
167.842713;354;140;351;369
167.872604;354;140;351;369
167.905638;353;140;351;369
167.945600;354;140;350;369
167.971873;353;140;351;369
168.004217;353;140;351;369
168.036134;353;140;350;369
168.072447;353;140;350;369
168.104091;353;140;350;369
168.138373;353;140;350;369
168.171821;353;140;350;369
168.206616;353;140;350;369
168.238175;353;140;350;369
168.272272;353;140;350;369
168.304364;353;140;350;369
168.336192;353;140;350;369
168.368140;353;140;350;369
168.402490;354;140;351;369
168.437917;354;140;351;369
168.469810;353;140;350;369
168.503195;352;140;350;369
168.537866;352;140;351;369
168.570608;354;140;351;369
168.602709;354;140;351;369
168.640810;353;140;351;369
168.669918;353;140;351;369
168.701799;354;140;351;369
168.739376;354;140;351;369
168.772685;353;140;350;369
168.802723;353;140;351;369
168.833921;352;140;351;369
168.872573;353;140;351;369
168.901964;353;140;351;369
168.935187;354;140;351;369
168.969848;353;140;351;369
169.001865;353;140;351;369
169.034258;353;140;351;369
169.070934;354;140;351;369
169.102045;354;140;351;369
169.137622;354;140;351;369
169.171153;354;140;351;369
169.201947;354;140;351;369
169.234108;354;140;351;369
169.270535;354;140;350;369
169.302662;354;140;351;369
169.334799;354;140;351;369
169.377271;354;140;350;369
169.378873;354;140;350;369
169.435012;354;140;350;369
169.466844;353;140;350;369
169.513753;353;140;350;369
169.535649;352;140;350;369
169.567969;353;140;350;369
169.602339;353;140;350;369
169.635551;353;140;350;369
169.667326;353;140;350;369
169.699039;354;140;350;369
169.735755;354;140;350;369
169.767839;354;140;350;369
169.802501;353;140;351;369
169.835310;353;140;350;369
169.869711;353;140;350;369
169.899569;352;140;350;369
169.937451;352;140;350;369
169.967036;352;140;351;369
170.000109;353;140;350;369
170.020319;354;140;350;369
170.070997;353;140;350;369
170.101559;353;140;350;369
170.132918;353;140;350;369
170.169482;353;140;351;369
170.200480;353;140;350;369
170.231799;354;140;350;370
170.264306;352;140;350;369
170.299816;353;140;350;369
170.331912;353;140;351;369
170.363905;354;140;350;369
170.400584;354;140;350;369
170.432813;354;140;350;369
170.465381;353;140;350;369
170.501639;353;140;350;369
170.531820;354;140;350;369
170.563822;354;140;350;369
170.599688;354;140;350;369
170.632133;353;140;350;369
170.663978;354;140;350;369
170.699951;354;140;350;369
170.732673;354;140;350;369
170.764481;354;140;350;369
170.800047;354;140;350;369
170.831873;353;140;350;369
170.864095;354;140;350;369
170.895806;354;140;350;369
170.931823;354;140;350;369
170.963786;354;140;350;369
170.995688;354;140;350;369
171.031755;354;140;350;369
171.063911;354;140;350;369
171.096008;354;140;350;369
171.132895;354;140;350;369
171.165462;353;140;350;369
171.195782;354;140;350;369
171.232034;354;140;351;369
171.264593;354;140;351;369
171.296364;354;140;350;369
171.331841;354;140;351;369
171.364066;354;140;351;369
171.395785;354;140;351;369
171.428024;354;140;351;369
171.464058;354;140;351;369
171.496295;354;140;351;369
171.527799;354;140;351;369
171.563990;354;140;351;369
171.595698;353;140;351;369
171.628751;354;140;351;369
171.664541;354;140;351;369
171.696011;354;140;351;369
171.728099;354;140;351;369
171.763851;354;140;351;369
171.795780;354;140;351;369
171.828349;354;140;351;369
171.863961;354;140;351;369
171.910114;354;140;351;369
171.910584;354;140;351;369
171.962750;354;140;350;370
171.994799;354;140;350;369
172.030071;352;140;350;369
172.061893;354;140;351;369
172.094202;354;140;351;369
172.131042;354;140;350;369
172.162441;353;140;351;369
172.194838;354;140;351;369
172.226000;353;140;350;369
172.261736;353;140;350;369
172.294257;354;140;351;369
172.326147;354;140;350;369
172.362085;354;140;350;369
172.394180;354;140;351;369
172.425910;353;140;351;369
172.462617;353;140;351;369
172.493776;354;140;351;369
172.526273;353;140;351;369
172.562586;354;140;351;369
172.595428;354;140;351;369
172.625827;354;140;351;369
172.662354;354;140;351;369
172.694720;354;140;351;369
172.726329;354;140;351;369
172.762432;354;140;351;369
172.793950;354;140;350;369
172.826227;354;140;350;369
172.862281;354;140;350;369
172.894184;354;140;350;369
172.926357;354;140;350;369
172.957897;354;140;350;369
172.993836;353;140;350;369
173.026083;353;140;350;369
173.057920;354;140;350;369
173.102797;354;140;350;369
173.103697;353;140;350;369
173.162099;353;140;350;369
173.193568;354;140;350;369
173.226035;354;140;350;369
173.258485;352;140;350;369
173.293371;353;140;350;369
173.325942;353;140;350;369
173.357179;354;140;351;369
173.395252;352;140;351;369
173.424783;352;140;351;369
173.461627;352;140;351;369
173.493294;353;140;351;369
173.525147;354;140;350;369
173.556871;354;140;350;369
173.594276;354;140;350;369
173.625294;354;140;350;369
173.658985;354;140;350;369
173.693461;354;140;350;369
173.740248;354;140;350;369
173.746300;354;140;350;369
173.789999;354;140;350;369
173.826660;354;140;350;369
173.858700;353;140;351;369
173.889799;353;140;350;369
173.921987;353;140;351;369
173.958482;354;140;350;369
173.990820;354;140;350;369
174.021944;354;140;351;369
174.057971;354;140;351;369
174.089741;354;140;351;369
174.121791;354;140;351;369
174.158084;354;140;350;369
174.189906;354;140;351;369
174.222823;354;140;351;369
174.257788;354;140;351;369
174.290814;354;140;351;369
174.321764;354;140;351;369
174.358800;354;140;350;369
174.389871;354;140;351;369
174.423257;354;140;351;369
174.458817;354;140;351;369
174.489700;354;140;351;369
174.523268;354;140;351;369
174.554727;354;140;351;369
174.589794;354;140;351;369
174.622786;354;140;351;369
174.654238;354;140;351;369
174.690150;354;140;351;369
174.721740;354;140;351;369
174.753762;354;140;350;369
174.789829;354;140;351;369
174.822287;354;140;351;369
174.854528;354;140;350;369
174.890102;354;140;351;369
174.921664;354;140;350;369
174.953852;354;140;351;369
174.990844;354;140;351;369
175.021817;354;140;350;369
175.054246;354;140;351;369
175.086466;354;140;351;369
175.122238;354;140;350;369
175.153800;354;140;350;369
175.186103;354;140;350;369
175.222002;354;140;350;369
175.276308;354;140;350;369
175.276877;354;140;350;369
175.337603;354;140;350;369
175.338796;353;140;350;369
175.389024;354;140;350;369
175.423522;354;140;350;369
175.426663;354;140;350;369
175.487304;353;140;350;369
175.522300;353;140;350;369
175.554866;354;140;350;369
175.585921;354;140;350;370
175.618019;354;140;351;369
175.653857;354;140;351;369
175.685962;354;140;351;369
175.717836;354;140;351;369
175.754735;354;140;351;369
175.787051;354;140;350;369
175.818682;354;140;350;369
175.853740;354;140;350;369
175.885790;353;140;350;369
175.924304;354;140;350;369
175.953778;353;140;350;369
175.986020;353;140;351;369
176.018056;353;140;350;369
176.055200;353;140;350;369
176.086229;353;140;350;369
176.118210;354;140;350;369
176.154118;353;140;350;369
176.185853;353;140;350;369
176.218150;354;140;350;369
176.260264;354;140;350;369
176.262941;353;140;350;369
176.325602;354;140;350;369
176.350883;353;140;350;369
176.392086;353;140;351;369
176.418933;354;140;350;369
176.451250;353;140;351;369
176.482875;354;140;350;369
176.521189;354;140;351;369
176.551059;354;140;351;369
176.591380;354;140;351;369
176.618641;354;140;351;369
176.652810;354;140;350;369
176.682784;354;140;350;369
176.720329;353;140;350;369
176.752897;354;140;350;369
176.782973;354;140;350;369
176.818733;354;140;350;369
176.850685;354;140;350;369
176.882856;354;140;350;369
176.914721;353;140;350;369
176.951075;354;140;350;369
176.984319;353;140;350;369
177.014910;353;140;350;369
177.050676;354;140;350;369
177.082789;354;140;350;369
177.114856;354;140;350;369
177.151575;354;140;350;369
177.183067;354;140;350;369
177.215163;354;140;350;369
177.251021;354;140;350;369
177.286273;354;140;350;369
177.314955;354;140;350;369
177.351553;354;140;350;369
177.382831;354;140;350;369
177.417192;354;140;350;369
177.451541;354;140;350;369
177.482957;354;140;350;369
177.514858;354;140;350;369
177.546794;354;140;350;369
177.583753;354;140;350;369
177.614886;354;140;350;369
177.646897;354;140;350;369
177.682705;354;140;350;369
177.716449;354;140;350;369
177.746850;354;140;350;369
177.783129;354;140;350;369
177.815028;354;140;350;369
177.847303;354;140;350;369
177.883030;354;140;350;369
177.918286;354;140;350;369
177.946741;354;140;351;369
177.983685;354;140;350;370
178.014656;354;140;350;369
178.046726;354;140;351;369
178.081074;354;140;351;369
178.114965;354;140;351;369
178.147215;354;140;351;369
178.178802;354;140;350;369
178.227755;354;140;350;369
178.228106;354;140;351;369
178.282716;354;140;351;369
178.313284;353;140;350;369
178.348277;353;140;350;369
178.381036;354;140;350;369
178.414782;353;140;350;369
178.445006;353;140;350;369
178.481217;354;140;350;369
178.512894;354;140;351;369
178.545131;354;140;351;369
178.580637;354;140;351;369
178.613603;354;140;351;369
178.645142;354;140;351;369
178.681569;354;140;351;369
178.713559;354;140;351;369
178.744788;354;140;350;369
178.780846;354;140;350;369
178.812821;354;140;351;369
178.845029;354;140;350;369
178.876997;354;140;351;369
178.913773;354;140;350;369
178.931966;354;140;351;369
178.987196;353;140;350;369
179.011777;353;140;351;369
179.045084;354;140;351;369
179.079809;354;140;351;369
179.113088;354;140;350;369
179.143731;353;140;350;369
179.183746;353;140;350;369
179.212583;353;140;350;369
179.245158;354;140;350;369
179.280581;353;140;351;369
179.311749;354;140;351;369
179.345142;354;140;351;369
179.375915;354;140;351;369
179.412624;354;140;351;369
179.444057;354;140;351;369
179.476003;354;140;351;369
179.511904;354;140;351;369
179.544620;354;140;351;369
179.575809;354;140;351;369
179.613533;354;140;351;369
179.644744;354;140;351;369
179.677443;354;140;351;369
179.711864;354;140;351;369
179.743900;354;140;351;369
179.776225;354;140;351;369
179.813629;354;140;351;369
179.843812;354;140;351;369
179.876938;354;140;350;369
179.908081;354;140;350;369
179.943821;354;140;350;369
179.976465;354;140;350;369
180.007681;354;140;350;369
180.043955;354;140;350;369
180.075806;354;140;350;369
180.108331;354;140;350;369
180.144603;354;140;350;369
180.176896;354;140;350;369
180.207648;354;140;351;369
180.245012;354;140;350;369
180.275823;354;140;350;369
180.316760;354;140;350;369
180.344180;354;140;351;369
180.376882;354;140;351;369
180.407726;354;140;351;369
180.441994;354;140;350;369
180.476068;354;140;350;369
180.507925;354;140;350;369
180.540249;354;140;350;369
180.579888;354;140;350;369
180.609651;354;140;350;369
180.642317;354;140;350;369
180.675894;354;140;350;369
180.707819;354;140;350;369
180.740266;354;140;350;369
180.775754;354;140;350;369
180.808019;354;140;350;369
180.840197;354;140;350;369
180.876650;354;140;350;369
180.908118;354;140;351;369
180.939663;354;140;351;369
180.975689;354;140;351;369
181.008163;354;140;351;369
181.039721;354;140;350;369
181.073743;354;140;351;369
181.110167;354;140;350;369
181.140248;354;140;351;369
181.172626;354;140;351;369
181.208036;354;140;351;369
181.240989;354;140;350;369
181.271633;354;140;350;369
181.307886;354;140;350;369
181.340202;354;140;351;369
181.371732;354;140;351;369
181.407874;354;140;350;369
181.440363;354;140;350;369
181.471959;354;140;351;369
181.508543;354;140;351;369
181.539846;354;140;351;369
181.573859;354;140;351;369
181.603847;354;140;351;369
181.647212;354;140;351;369
181.671724;354;140;351;369
181.704930;354;140;351;369
181.740358;354;140;351;369
181.772902;354;140;351;369
181.805649;354;140;351;369
181.844024;354;140;351;369
181.871758;354;140;351;369
181.907838;354;140;351;369
181.945119;354;140;351;369
181.972626;354;140;351;369
182.003765;354;140;351;369
182.040580;354;140;351;369
182.071674;354;140;351;369
182.103608;354;140;351;369
182.135752;354;140;351;369
182.171667;354;140;351;369
182.203982;354;140;351;369
182.235637;354;140;351;369
182.271748;354;140;351;369
182.303754;354;140;351;369
182.335697;354;140;351;369
182.371632;354;140;351;369
182.404802;354;140;351;369
182.435646;354;140;351;369
182.471710;354;140;351;369
182.503659;354;140;351;369
182.535771;354;140;351;369
182.571586;354;140;351;369
182.603654;354;140;351;369
182.626787;354;140;351;369
182.671006;354;140;350;369
182.702717;354;140;351;369
182.736459;354;140;351;369
182.770655;354;140;351;369
182.804011;353;140;351;369
182.845845;354;140;351;369
182.846256;354;140;351;369
182.902137;354;140;351;369
182.937726;353;140;351;369
182.969984;354;140;351;369
183.001692;354;140;351;369
183.034431;354;140;351;369
183.069633;353;140;350;369
183.101708;353;140;350;369
183.133805;353;140;351;369
183.171264;354;140;351;369
183.201626;354;140;350;369
183.233644;354;140;351;369
183.269660;353;140;351;369
183.301697;354;140;351;369
183.333682;353;140;351;369
183.369774;353;140;351;369
183.402648;353;140;350;369
183.433678;353;140;351;369
183.470127;353;140;350;369
183.502243;354;140;350;369
183.533729;354;140;350;369
183.565747;353;140;350;369
183.603938;353;140;350;369
183.633679;354;140;350;369
183.665705;354;140;351;369
183.701707;354;140;350;369
183.733846;354;140;350;369
183.785932;354;140;350;369
183.791846;354;140;351;369
183.831766;354;140;350;369
183.867668;353;140;350;369
183.908856;353;140;350;369
183.931677;354;140;350;369
183.969659;354;140;350;370
183.999772;354;140;350;369
184.031641;354;140;350;369
184.067654;354;140;350;369
184.099682;354;140;350;369
184.131701;354;140;351;369
184.167813;353;140;351;369
184.205300;353;140;351;369
184.231726;354;140;350;369
184.273420;353;140;350;369
184.299634;354;140;350;369
184.332335;354;140;350;369
184.367700;354;140;350;369
184.400937;354;140;350;369
184.431729;354;140;350;369
184.463716;354;140;350;369
184.500018;354;140;351;369
184.531768;354;140;350;369
184.563701;354;140;350;369
184.599883;354;140;350;369
184.633421;354;140;350;369
184.663595;354;140;350;369
184.700401;354;140;350;369
184.731710;354;140;351;369
184.776842;354;140;351;369
184.779905;354;140;350;369
184.834883;353;140;350;369
184.864092;354;140;351;369
184.899685;354;140;350;369
184.931672;354;140;350;369
184.964346;354;140;350;370
184.995788;354;140;351;369
185.031716;353;140;350;369
185.063715;354;140;351;369
185.095855;354;140;351;369
185.131640;354;140;351;369
185.163697;354;140;350;369
185.204672;354;140;351;369
185.205134;354;140;351;369
185.262737;354;140;351;369
185.298693;354;140;350;370
185.330687;354;140;350;369
185.363228;354;140;350;369
185.401564;354;140;351;369
185.430730;354;140;351;369
185.462759;353;140;351;369
185.494829;353;140;351;369
185.530793;354;140;351;369
185.569059;354;140;351;369
185.594671;353;140;351;369
185.630754;354;140;350;369
185.662683;354;140;351;369
185.740787;354;140;351;369
185.743905;353;140;351;369
185.794762;353;140;350;369
185.832841;354;140;351;369
185.863067;354;140;350;369
185.894801;354;140;351;369
185.930689;354;140;351;369
185.964085;354;140;350;369
185.994871;354;140;351;369
186.026998;354;140;351;369
186.063490;353;140;351;369
186.095746;353;140;351;369
186.127165;353;140;351;369
186.163924;354;140;351;369
186.197465;354;140;351;369
186.227889;354;140;351;369
186.264992;354;140;351;369
186.295350;354;140;351;369
186.332566;354;140;351;369
186.363617;354;140;351;369
186.395741;354;140;351;369
186.428057;354;140;351;369
186.462992;354;140;351;369
186.494821;354;140;351;369
186.526827;353;140;351;369
186.559346;354;140;351;369
186.596495;353;140;351;369
186.627597;354;140;351;369
186.659905;354;140;351;369
186.697473;354;140;351;369
186.727367;354;140;351;369
186.759492;354;140;351;369
186.795938;354;140;351;369
186.827152;354;140;351;369
186.858789;354;140;351;369
186.901041;354;140;350;369
186.928204;354;140;350;369
186.962116;354;140;350;369
186.994849;354;140;351;369
187.027036;354;140;350;369
187.061764;354;140;350;369
187.091516;354;140;351;369
187.130531;354;140;350;369
187.159144;354;140;350;369
187.193751;354;140;350;369
187.227852;354;140;350;369
187.259342;354;140;350;369
187.291160;354;140;350;369
187.327344;354;140;350;369
187.360113;354;140;350;369
187.394169;354;140;350;369
187.428437;354;140;351;369
187.462578;354;140;351;369
187.490940;354;140;350;369
187.527292;354;140;351;369
187.558879;354;140;351;369
187.592086;354;140;351;369
187.627763;354;140;351;369
187.658815;354;140;351;369
187.692234;354;140;350;369
187.722994;354;140;350;369
187.758773;354;140;350;369
187.790979;354;140;350;369
187.825372;354;140;351;369
187.858968;354;140;350;369
187.891194;354;140;350;369
187.922891;354;140;350;369
187.959686;354;140;350;369
187.990920;354;140;350;369
188.024129;354;140;350;369
188.059082;354;140;350;369
188.094705;354;140;350;369
188.123727;354;140;350;369
188.159061;354;140;350;369
188.194320;354;140;350;369
188.224276;354;140;350;369
188.255797;354;140;350;369
188.291092;354;140;351;369
188.323842;354;140;351;369
188.355381;354;140;350;369
188.391350;354;140;350;369
188.422799;354;140;350;369
188.456697;354;140;350;369
188.490701;354;140;350;369
188.522901;354;140;350;369
188.554836;354;140;350;369
188.593016;354;140;350;369
188.623103;354;140;350;369
188.654883;354;140;350;369
188.690905;354;140;350;369
188.722758;354;140;350;369
188.754778;354;140;350;369
188.787255;354;140;350;369
188.823092;354;140;350;369
188.854713;354;140;350;369
188.886661;354;140;350;369
188.923596;354;140;350;369
188.955777;354;140;350;369
188.986625;354;140;350;369
189.026572;354;140;350;369
189.054716;354;140;350;369
189.086875;354;140;350;369
189.123800;354;140;350;369
189.154636;354;140;351;369
189.186748;354;140;350;369
189.222931;354;140;350;369
189.254761;354;140;350;369
189.284727;354;140;351;369
189.355709;354;140;350;369
189.382621;354;140;350;369
189.384270;354;140;350;369
189.443772;354;140;351;369
189.458675;354;140;350;369
189.483597;354;140;350;369
189.533091;353;140;350;369
189.561511;353;140;351;369
189.588340;354;140;350;369
189.619710;352;140;350;369
189.679285;353;140;350;369
189.691036;353;140;351;369
189.694124;354;140;350;369
189.746733;352;140;350;369
189.769076;353;140;350;369
189.821179;354;140;350;369
189.853103;353;140;350;369
189.884853;354;140;350;370
189.920824;354;140;350;370
189.966323;354;140;350;369
189.984787;354;140;352;370
190.021652;354;140;348;369
190.053308;354;140;347;370
190.084782;354;140;349;370
190.120944;354;140;350;369
190.152650;354;140;350;369
190.184719;354;140;350;369
190.216687;354;140;350;369
190.252988;354;140;350;369
190.284704;354;140;350;369
190.317795;354;140;350;369
190.352776;353;140;350;369
190.393144;354;140;350;369
190.417875;354;140;350;369
190.452752;354;140;350;369
190.485875;354;140;350;369
190.517651;354;140;350;369
190.553236;353;140;350;369
190.586310;354;140;350;369
190.616792;354;140;350;369
190.654706;354;140;350;369
190.684773;354;140;350;369
190.716992;354;140;350;369
190.752711;354;140;350;369
190.784745;354;140;350;369
190.815060;354;140;350;369
190.850987;354;140;350;370
190.882789;354;140;350;370
190.918779;353;140;350;369
190.950710;352;140;351;369
190.982663;353;140;350;369
191.018722;354;140;350;369
191.051487;354;140;350;369
191.082771;354;140;350;369
191.114921;354;140;350;369
191.150743;354;140;350;369
191.182899;354;140;350;369
191.218785;354;140;350;369
191.250746;354;140;350;369
191.282706;354;140;350;369
191.314633;354;140;350;369
191.355162;354;140;350;369
191.383653;354;140;350;369
191.417229;354;140;350;369
191.447683;353;140;350;369
191.483967;354;140;350;369
191.516690;354;140;350;369
191.547948;354;140;350;369
191.583835;354;140;350;369
191.615821;353;140;350;369
191.647990;354;140;350;369
191.683949;354;140;350;369
191.715670;354;140;350;369
191.747629;354;140;350;369
191.780058;354;140;350;369
191.816018;354;140;350;369
191.847865;354;140;350;369
191.879963;354;140;350;369
191.915651;354;140;350;369
191.947971;354;140;350;369
191.981238;354;140;350;369
192.015719;354;140;350;369
192.047862;354;140;350;369
192.079892;354;140;350;369
192.115849;354;140;350;369
192.147851;354;140;350;369
192.179888;354;140;350;369
192.218137;354;140;350;369
192.247631;354;140;350;369
192.284592;354;140;350;369
192.287224;354;140;350;369
192.347628;354;140;350;369
192.379085;354;140;350;369
192.414680;354;140;350;369
192.446899;354;140;350;369
192.478776;354;140;351;369
192.514667;354;140;350;369
192.547047;353;140;350;369
192.579094;354;140;350;369
192.614816;354;140;350;369
192.648739;354;140;350;369
192.678794;354;140;350;369
192.714727;354;140;351;369
192.746610;354;140;351;369
192.779652;354;140;351;369
192.812286;354;140;350;369
192.847827;354;140;350;369
192.879748;354;140;351;369
192.911664;354;140;350;369
192.942949;354;140;350;369
192.978665;353;140;350;369
193.010732;354;140;350;369
193.046833;354;140;351;369
193.078934;354;140;351;369
193.110703;354;140;351;369
193.153785;354;140;350;369
193.156977;354;140;351;369
193.245705;354;140;350;369
193.246256;354;140;351;369
193.279725;354;140;350;369
193.312154;353;140;351;369
193.343738;353;140;350;369
193.379919;354;140;350;369
193.411827;353;140;350;369
193.450979;354;140;350;369
193.451530;353;140;350;369
193.512774;354;140;350;369
193.545259;354;140;350;369
193.577532;353;140;350;369
193.608696;354;140;350;369
193.685273;354;140;350;369
193.687570;354;140;350;369
193.691858;353;140;350;369
193.745499;353;140;350;369
193.777636;353;140;350;369
193.809036;353;140;350;369
193.845161;353;140;350;369
193.881031;353;140;351;369
193.909047;353;140;351;369
193.947355;353;140;350;369
193.976997;354;140;350;369
194.008848;353;140;350;369
194.044998;354;140;350;369
194.077465;354;140;350;369
194.108960;354;140;350;369
194.145286;354;140;350;369
194.177620;354;140;350;369
194.209237;354;140;350;369
194.241192;354;140;350;369
194.276892;354;140;350;369
194.308978;354;140;350;369
194.341192;354;140;350;369
194.377241;354;140;350;369
194.409385;354;140;350;369
194.442585;354;140;350;369
194.476821;354;140;350;369
194.508920;354;140;350;369
194.541033;354;140;350;369
194.576898;354;140;351;369
194.609169;354;140;350;369
194.640765;354;140;350;369
194.676842;354;140;350;369
194.709090;354;140;350;369
194.740832;354;140;350;369
194.773216;354;140;350;369
194.808776;354;140;350;369
194.841062;354;140;350;369
194.873113;354;140;350;369
194.909668;354;140;350;369
194.955512;354;140;350;369
194.961685;354;140;350;369
195.009391;353;140;350;370
195.041652;353;140;350;369
195.082963;353;140;351;369
195.109365;353;140;350;369
195.140814;354;140;350;369
195.173136;354;140;350;369
195.226289;354;140;350;369
195.226723;354;140;350;369
195.274255;353;140;350;369
195.306322;353;140;350;370
195.341807;354;140;350;369
195.374160;354;140;350;369
195.405781;354;140;350;369
195.437749;354;140;350;369
195.474753;354;140;350;369
195.505836;354;140;350;369
195.537782;354;140;350;369
195.579644;354;140;350;369
195.606703;354;140;350;369
195.642908;354;140;350;369
195.674127;354;140;350;369
195.705899;354;140;350;369
195.737924;354;140;350;369
195.777168;354;140;350;369
195.806008;354;140;350;369
195.837873;354;140;350;369
195.873998;354;140;350;369
195.906082;354;140;350;369
195.937777;354;140;350;369
195.973773;354;140;350;369
196.005801;354;140;350;369
196.040821;354;140;350;369
196.080597;354;140;350;369
196.106912;354;140;350;369
196.137835;354;140;350;369
196.169912;354;140;350;369
196.206844;354;140;350;369
196.237865;354;140;350;369
196.270368;354;140;350;369
196.306521;354;140;350;369
196.338307;354;140;350;369
196.369892;354;140;350;369
196.405933;354;140;350;369
196.437792;354;140;350;369
196.469844;354;140;350;369
196.506962;354;140;350;369
196.538716;354;140;350;369
196.569783;354;140;350;369
196.601792;354;140;350;369
196.638092;354;140;350;369
196.669975;354;140;350;369
196.702281;354;140;350;369
196.738216;354;140;350;369
196.770233;354;140;350;369
196.801929;354;140;350;369
196.843937;354;140;350;369
196.844702;354;140;350;369
196.915344;353;140;350;369
196.934653;354;140;350;369
196.989741;354;140;350;369
196.990227;354;140;350;369
197.038834;354;140;350;369
197.067640;354;140;350;369
197.104758;354;140;350;369
197.135629;354;140;350;369
197.167808;353;140;350;369
197.204055;354;140;350;369
197.235834;353;140;351;369
197.267747;353;140;351;369
197.303676;354;140;350;369
197.335911;354;140;350;369
197.367712;354;140;350;369
197.403951;354;140;350;369
197.435736;354;140;350;369
197.478440;354;140;350;369
197.499684;354;140;350;369
197.535671;354;140;350;369
197.567718;354;140;350;369
197.599804;354;140;350;369
197.635705;354;140;350;369
197.667652;354;140;350;369
197.699658;354;140;350;369
197.735638;354;140;350;369
197.769001;354;140;350;369
197.799624;354;140;350;369
197.836100;354;140;350;369
197.868030;354;140;350;369
197.899716;354;140;350;369
197.936138;354;140;350;369
197.967651;354;140;350;369
197.999749;354;140;351;369
198.031659;354;140;350;369
198.095231;354;140;350;369
198.095690;354;140;350;369
198.132811;353;140;350;369
198.165765;354;140;350;369
198.200685;354;140;350;369
198.237842;354;140;350;369
198.267073;354;140;350;370
198.308790;354;140;350;369
198.309192;354;140;350;369
198.372583;354;140;350;369
198.400895;353;140;350;369
198.432802;354;140;350;369
198.464730;353;140;350;370
198.500774;354;140;350;370
198.532747;354;140;350;369
198.566660;354;140;350;369
198.601474;354;140;350;369
198.632827;354;140;350;369
198.674755;354;140;351;369
198.675105;354;140;350;369
198.731999;354;140;350;369
198.763793;354;140;350;369
198.799582;354;140;350;369
198.831658;354;140;350;369
198.863890;354;140;350;369
198.900064;354;140;350;369
198.931686;354;140;350;369
198.963699;354;140;350;369
198.999758;354;140;350;369
199.031883;354;140;350;369
199.085618;354;140;351;369
199.086038;354;140;350;369
199.131196;354;140;350;369
199.162774;354;140;351;369
199.199785;353;140;351;369
199.230753;354;140;351;369
199.263586;354;140;351;369
199.299044;354;140;350;369
199.330996;354;140;350;369
199.374035;354;140;350;369
199.398831;354;140;351;369
199.430833;354;140;351;369
199.462705;354;140;351;369
199.498926;354;140;350;369
199.530826;354;140;350;369
199.562804;354;140;350;369
199.597848;354;140;351;369
199.604773;354;140;350;369
199.670887;354;140;350;369
199.674388;354;140;350;369
199.730642;353;140;350;369
199.761806;354;140;350;369
199.806777;353;140;351;369
199.829880;354;140;350;369
199.862103;353;140;350;369
199.897744;354;140;350;369
199.930287;354;140;350;369
199.961714;354;140;350;369
199.993982;354;140;350;369
200.029702;354;140;351;369
200.061938;354;140;350;369
200.093906;354;140;351;369
200.130111;354;140;351;369
200.161981;354;140;350;369
200.194000;353;140;350;369
200.229780;353;140;350;369
200.261839;353;140;350;369
200.294180;353;140;350;369
200.330678;353;140;350;369
200.374542;353;140;350;369
200.380790;353;140;350;369
200.429593;354;140;350;369
200.460890;353;140;350;369
200.492747;354;140;350;369
200.529074;354;140;350;369
200.560831;354;140;350;369
200.593246;354;140;350;369
200.629370;354;140;351;369
200.660758;354;140;351;369
200.692867;354;140;351;369
200.731099;354;140;350;369
200.759075;354;140;350;369
200.795032;354;140;350;369
200.826872;354;140;350;369
200.861460;354;140;350;369
200.895071;354;140;350;369
200.926848;354;140;350;369
200.958842;354;140;350;369
200.996071;354;140;350;369
201.026808;354;140;350;369
201.061053;354;140;350;369
201.094940;353;140;350;369
201.127468;354;140;351;369
201.158694;354;140;350;369
201.196564;354;140;350;369
201.229474;354;140;350;369
201.233919;354;140;351;369
201.293860;353;140;350;369
201.327014;354;140;350;369
201.357870;354;140;350;369
201.396306;353;140;351;369
201.426048;353;140;350;369
201.457868;354;140;351;369
201.493988;354;140;350;369
201.525743;354;140;351;369
201.560329;354;140;351;369
201.594147;354;140;351;369
201.649528;354;140;351;369
201.650196;354;140;351;369
201.690683;353;140;350;369
201.728427;353;140;350;369
201.758880;353;140;350;369
201.791443;353;140;351;369
201.822797;353;140;350;369
201.862070;353;140;350;369
201.890971;354;140;350;369
201.922938;354;140;351;369
201.958821;354;140;350;369
201.990682;354;140;351;369
202.023442;354;140;351;369
202.058741;354;140;350;369
202.090838;354;140;351;369
202.123172;354;140;351;369
202.158708;354;140;351;369
202.190663;354;140;351;369
202.224447;354;140;350;369
202.259367;354;140;350;369
202.291847;354;140;351;369
202.322783;354;140;351;369
202.359068;354;140;351;369
202.390847;354;140;351;369
202.423054;354;140;351;369
202.454841;354;140;350;369
202.507292;354;140;350;369
202.508976;354;140;351;369
202.564996;352;140;350;369
202.590958;352;140;350;369
202.622971;353;140;350;369
202.652300;354;140;351;369
202.688024;354;140;350;369
202.724338;353;140;350;369
202.757881;354;140;351;369
202.789735;354;140;350;369
202.822136;353;140;350;369
202.857523;354;140;350;369
202.888876;354;140;350;369
202.921247;353;140;350;369
202.956910;354;140;350;369
202.989567;353;140;351;369
203.021597;354;140;351;369
203.058582;354;140;351;369
203.088513;354;140;350;369
203.138956;352;140;351;369
203.139593;354;140;351;369
203.192700;352;140;351;369
203.221819;353;140;350;369
203.253656;354;140;351;369
203.289751;354;140;351;369
203.321661;354;140;350;369
203.354042;353;140;350;369
203.385748;354;140;350;369
203.424706;354;140;350;369
203.453749;354;140;350;369
203.485829;354;140;350;369
203.521904;354;140;350;369
203.553880;354;140;350;369
203.585751;354;140;350;369
203.621714;354;140;350;369
203.653875;354;140;350;369
203.685766;354;140;350;369
203.724720;354;140;350;369
203.765995;354;140;350;369
203.766992;354;140;350;369
203.819259;353;140;350;369
203.854739;354;140;350;369
203.887554;354;140;350;369
203.921046;354;140;351;369
203.954877;353;140;350;369
203.989844;353;140;350;369
204.019147;353;140;350;369
204.058047;353;140;350;369
204.087315;354;140;350;369
204.119772;354;140;350;369
204.152229;353;140;350;369
204.193199;354;140;350;369
204.220017;354;140;350;369
204.251159;354;140;350;369
204.289724;354;140;350;369
204.318826;354;140;350;369
204.352387;354;140;350;369
204.387740;354;140;350;369
204.419942;354;140;350;369
204.452493;354;140;350;369
204.517029;354;140;350;369
204.517478;354;140;350;369
204.552883;354;140;350;369
204.586052;354;140;350;369
204.617752;354;140;350;369
204.653578;354;140;350;369
204.687537;353;140;350;369
204.718449;354;140;350;369
204.753356;353;140;350;369
204.798391;353;140;350;369
204.798863;353;140;350;369
204.851625;354;140;350;369
204.887085;354;140;350;369
204.917832;354;140;350;369
204.952413;354;140;351;369
204.975252;353;140;350;369
205.016766;353;140;350;369
205.049080;352;140;350;369
205.088711;353;140;350;369
205.116626;354;140;350;369
205.150377;354;140;350;369
205.185031;354;140;350;369
205.219806;353;140;350;369
205.248946;354;140;350;369
205.284714;354;140;350;369
205.316993;353;140;350;369
205.348835;353;140;351;369
205.384984;354;140;351;369
205.416742;354;140;351;369
205.448675;354;140;351;369
205.480861;354;140;351;369
205.516778;354;140;351;369
205.548986;354;140;351;369
205.581272;354;140;351;369
205.616825;354;140;351;369
205.648673;354;140;350;369
205.680831;354;140;351;369
205.716992;354;140;351;369
205.768953;354;140;351;369
205.776738;354;140;350;369
205.816868;353;140;351;369
205.850363;354;140;351;369
205.881021;353;140;351;369
205.919715;354;140;351;369
205.949280;354;140;350;369
205.983872;354;140;350;369
206.016744;354;140;350;369
206.048969;354;140;351;369
206.080677;354;140;351;369
206.112731;354;140;351;369
206.148777;354;140;351;369
206.180686;354;140;350;369
206.226578;354;140;351;369
206.226875;354;140;351;369
206.279933;354;140;350;369
206.316026;354;140;350;369
206.348891;354;140;350;369
206.379676;354;140;351;369
206.420163;354;140;351;369
206.440817;354;140;350;369
206.480715;354;140;350;369
206.512892;354;140;350;369
206.549448;354;140;350;369
206.580708;353;140;350;369
206.612707;354;140;350;369
206.644627;353;140;350;369
206.680635;354;140;350;369
206.712710;354;140;350;369
206.744638;354;140;350;369
206.780687;354;140;350;369
206.813198;354;140;350;369
206.844816;354;140;350;369
206.881300;354;140;350;369
206.927137;354;140;350;369
206.927518;354;140;350;369
206.980022;353;140;350;369
207.011637;354;140;351;369
207.044441;354;140;350;369
207.079644;354;140;350;369
207.117991;353;140;350;369
207.143627;353;140;351;369
207.185343;354;140;350;369
207.211677;354;140;350;369
207.243726;354;140;350;369
207.271013;354;140;351;369
207.312771;353;140;350;369
207.344662;354;140;350;369
207.376822;353;140;350;369
207.413449;353;140;350;369
207.444666;353;140;350;369
207.476726;354;140;350;369
207.512768;354;140;350;369
207.544818;354;140;350;369
207.577814;354;140;350;369
207.612646;352;140;350;370
207.649508;354;140;350;369
207.676669;354;140;350;369
207.714792;353;140;350;369
207.744580;353;140;350;369
207.788613;353;140;350;369
207.808810;354;140;350;369
207.845899;353;140;350;369
207.876597;354;140;350;369
207.911722;354;140;351;369
207.944693;354;140;351;369
207.984793;354;140;351;369
208.008709;354;140;350;369
208.044795;354;140;350;369
208.076624;354;140;350;369
208.108731;354;140;350;369
208.144704;354;140;350;369
208.176646;353;140;350;369
208.209111;354;140;351;369
208.244765;354;140;351;369
208.274934;354;140;350;369
208.310632;353;140;350;370
208.342707;354;140;350;369
208.374649;353;140;351;369
208.410681;354;140;350;370
208.442630;354;140;351;369
208.475052;354;140;351;369
208.510698;354;140;350;369
208.544072;354;140;350;369
208.575087;354;140;350;369
208.609866;354;140;351;369
208.642857;354;140;350;369
208.675814;354;140;350;369
208.706725;354;140;351;369
208.742719;354;140;351;369
208.776566;354;140;351;369
208.806599;354;140;351;369
208.842708;354;140;350;369
208.874625;354;140;350;369
208.906676;354;140;351;369
208.928099;354;140;351;369
208.975753;353;140;350;369
209.007697;354;140;351;369
209.041847;352;140;351;369
209.085790;353;140;350;369
209.086471;353;140;350;369
209.148887;354;140;350;370
209.173697;354;140;351;369
209.209278;354;140;351;369
209.241672;353;140;351;369
209.278183;354;140;351;369
209.305761;354;140;350;369
209.352596;354;140;350;369
209.375439;354;140;350;369
209.405760;354;140;350;369
209.441731;354;140;350;369
209.473688;354;140;350;369
209.509786;354;140;350;369
209.541680;354;140;350;369
209.573800;354;140;350;369
209.605692;354;140;350;369
209.640941;354;140;351;369
209.673894;354;140;351;369
209.705995;354;140;350;369
209.737708;354;140;350;369
209.773906;354;140;350;369
209.805688;354;140;350;369
209.839928;353;140;350;369
209.873774;354;140;351;369
209.905685;353;140;351;369
209.944719;353;140;350;369
209.945030;353;140;350;369
210.006717;353;140;350;369
210.038633;353;140;350;369
210.070804;354;140;350;369
210.106681;353;140;350;369
210.138769;354;140;350;369
210.170721;354;140;351;369
210.206820;354;140;350;369
210.238668;354;140;350;369
210.270767;353;140;350;369
210.302872;353;140;350;369
210.341496;354;140;350;369
210.370783;354;140;350;369
210.443517;354;140;350;369
210.444030;353;140;350;369
210.452976;354;140;350;369
210.502649;353;140;350;369
210.538647;353;140;351;369
210.571885;353;140;351;369
210.602728;353;140;350;369
210.638973;353;140;351;369
210.671653;353;140;350;369
210.705113;353;140;350;369
210.738662;354;140;350;369
210.774020;354;140;350;369
210.802799;354;140;350;369
210.838704;353;140;350;369
210.889304;354;140;351;369
210.889827;354;140;350;369
210.935185;353;140;350;370
210.971217;354;140;350;369
211.002911;353;140;350;370
211.034759;353;140;351;369
211.070813;353;140;350;369
211.104383;354;140;350;370
211.135082;354;140;350;369
211.170693;354;140;350;369
211.202816;354;140;350;369
211.234849;354;140;350;369
211.279460;354;140;350;369
211.280129;354;140;350;369
211.335562;353;140;350;369
211.369946;353;140;350;369
211.401783;354;140;351;369
211.438169;354;140;350;369
211.470471;354;140;350;369
211.501633;353;140;350;369
211.533709;353;140;350;369
211.569809;353;140;351;369
211.601720;353;140;351;369
211.634118;353;140;351;369
211.669742;354;140;351;369
211.702199;354;140;351;369
211.734454;354;140;350;369
211.769770;354;140;351;369
211.802177;354;140;351;369
211.828049;354;140;351;369
211.868307;354;140;350;369
211.900315;353;140;351;369
211.935740;354;140;351;369
211.968137;354;140;351;369
211.989652;354;140;350;369
212.032776;354;140;350;369
212.068899;354;140;351;369
212.100680;353;140;350;369
212.132813;354;140;350;369
212.169272;353;140;350;369
212.203509;353;140;350;369
212.233094;354;140;350;369
212.264732;353;140;351;369
212.301006;353;140;351;369
212.332737;353;140;351;369
212.368999;353;140;351;369
212.370902;353;140;351;369
212.439030;353;140;350;369
212.466811;353;140;350;369
212.498904;353;140;351;369
212.534782;353;140;351;369
212.566750;354;140;351;369
212.598842;354;140;351;369
212.630753;354;140;351;369
212.667105;354;140;351;369
212.706014;354;140;351;369
212.711767;354;140;351;369
212.763754;354;140;350;369
212.799753;353;140;351;369
212.831754;352;140;351;369
212.863790;352;140;350;369
212.899674;353;140;350;369
212.931672;354;140;350;369
212.960724;354;140;350;369
213.002749;353;140;350;369
213.029876;353;140;350;369
213.065607;354;140;350;369
213.098107;354;140;351;369
213.131397;353;140;350;369
213.165974;354;140;351;369
213.197641;354;140;351;369
213.234975;354;140;351;369
213.265663;354;140;351;369
213.297894;354;140;351;369
213.329824;354;140;350;369
213.366345;354;140;350;369
213.398063;353;140;350;369
213.429678;354;140;350;369
213.465855;353;140;351;369
213.497801;353;140;350;369
213.529881;354;140;350;369
213.557868;354;140;350;369
213.598649;353;140;350;369
213.630703;353;140;351;369
213.662773;354;140;350;369
213.694742;354;140;351;369
213.730614;354;140;350;369
213.762643;354;140;350;369
213.794733;354;140;350;369
213.830666;354;140;350;369
213.863048;354;140;350;369
213.896044;354;140;350;369
213.928833;354;140;350;369
213.961721;352;140;350;369
213.997824;354;140;350;369
214.029899;353;140;350;369
214.072369;353;140;350;369
214.075904;352;140;350;369
214.133523;352;140;350;369
214.164252;353;140;350;369
214.195445;353;140;350;369
214.230899;354;140;351;369
214.263343;354;140;351;369
214.294699;354;140;350;369
214.326724;354;140;351;369
214.363788;354;140;351;369
214.394677;354;140;351;369
214.427777;354;140;350;369
214.451717;354;140;351;369
214.496554;353;140;350;369
214.527846;353;140;350;369
214.560016;353;140;351;369
214.596740;354;140;351;369
214.630185;354;140;351;369
214.662197;353;140;351;369
214.695744;354;140;350;369
214.727796;354;140;351;369
214.753735;354;140;351;369
214.796096;353;140;350;369
214.825832;354;140;350;369
214.861800;354;140;350;369
214.894609;354;140;351;369
214.926068;352;140;351;369
214.964019;354;140;350;369
214.994886;353;140;350;369
215.047820;354;140;350;369
215.048324;354;140;351;369
215.095699;353;140;350;369
215.126994;352;140;351;369
215.158958;354;140;350;369
215.234667;353;140;351;369
215.237028;353;140;350;369
215.286578;354;140;351;369
215.330497;354;140;350;369
215.360236;353;140;350;369
215.392093;353;140;351;369
215.429952;353;140;351;369
215.461073;354;140;351;369
215.510001;354;140;350;369
215.510567;354;140;351;369
215.560840;354;140;350;369
215.591825;353;140;350;369
215.626914;353;140;351;369
215.658754;354;140;350;369
215.690892;354;140;350;369
215.729737;353;140;350;369
215.731734;353;140;351;369
215.802599;353;140;350;369
215.802910;354;140;350;369
215.867836;353;140;350;369
215.889869;353;140;351;369
215.926178;353;140;351;369
215.959123;353;140;350;369
215.990318;353;140;350;369
216.027294;354;140;350;369
216.057802;354;140;350;369
216.089948;353;140;350;369
216.126120;354;140;351;369
216.158072;353;140;350;369
216.189798;354;140;351;369
216.237736;353;140;350;369
216.238102;354;140;351;369
216.288951;353;140;350;369
216.324704;352;140;350;369
216.357001;352;140;350;369
216.394847;353;140;351;369
216.395130;353;140;350;369
216.458764;353;140;350;369
216.490674;352;140;350;369
216.535482;353;140;350;369
216.554688;353;140;350;369
216.590764;354;140;350;369
216.623252;354;140;351;369
216.655290;353;140;350;369
216.686692;353;140;350;369
216.723622;353;140;350;369
216.755633;353;140;350;369
216.788090;353;140;350;369
216.823839;352;140;351;369
216.856644;354;140;350;369
216.888280;354;140;350;369
216.925268;354;140;350;369
216.962249;354;140;350;369
216.987617;354;140;350;369
217.023780;354;140;350;370
217.056961;354;140;350;369
217.089190;353;140;351;369
217.126959;354;140;351;369
217.157029;354;140;350;369
217.188782;354;140;350;369
217.221085;354;140;350;369
217.257644;354;140;350;369
217.292032;354;140;350;369
217.321891;354;140;350;369
217.355208;354;140;350;370
217.390043;353;140;351;369
217.423913;353;140;351;369
217.453882;354;140;350;369
217.492113;354;140;350;369
217.521670;354;140;350;370
217.554643;354;140;350;370
217.585908;354;140;350;369
217.622722;354;140;351;369
217.667010;354;140;350;370
217.669981;354;140;350;370
217.720160;353;140;350;369
217.755955;354;140;350;369
217.806171;354;140;351;369
217.809640;353;140;350;370
217.856929;354;140;350;369
217.885701;352;140;350;369
217.923637;353;140;350;369
217.953805;354;140;350;370
217.986728;353;140;350;369
218.018847;354;140;350;369
218.054851;354;140;351;369
218.086854;353;140;351;369
218.111817;353;140;350;369
218.154363;353;140;351;369
218.188156;353;140;351;369
218.220678;354;140;350;369
218.252725;353;140;351;369
218.288852;353;140;351;369
218.320273;353;140;351;369
218.352105;354;140;351;369
218.388004;354;140;350;369
218.419856;354;140;350;369
218.452171;354;140;351;369
218.483909;354;140;351;369
218.530063;354;140;351;369
218.551897;354;140;351;369
218.584899;354;140;351;369
218.619680;354;140;350;369
218.655063;353;140;350;369
218.683740;354;140;350;369
218.720113;354;140;350;369
218.766830;354;140;350;369
218.767125;354;140;350;369
218.817039;352;140;350;369
218.852641;353;140;350;369
218.884839;354;140;351;369
218.916758;353;140;351;369
218.953216;354;140;350;369
218.985195;352;140;350;369
219.016770;354;140;350;369
219.061070;354;140;350;369
219.062277;354;140;350;369
219.117711;354;140;350;369
219.149787;353;140;351;369
219.201625;353;140;350;369
219.201878;354;140;350;369
219.256187;353;140;350;369
219.278749;353;140;351;369
219.319767;353;140;350;369
219.351898;353;140;350;369
219.382752;354;140;350;369
219.414728;354;140;350;369
219.450729;353;140;350;369
219.483532;353;140;350;369
219.514852;354;140;350;369
219.551587;354;140;350;369
219.582802;353;140;350;369
219.618732;354;140;350;369
219.650879;354;140;350;369
219.683713;354;140;350;369
219.714646;354;140;350;369
219.750864;354;140;350;369
219.783583;354;140;350;369
219.814701;354;140;350;369
219.851771;354;140;350;369
219.885501;354;140;350;369
219.914676;354;140;350;369
219.946811;354;140;350;369
219.982933;354;140;350;369
220.014868;354;140;350;369
220.047781;354;140;350;369
220.082664;354;140;350;369
220.117290;354;140;351;369
220.146942;354;140;350;369
220.182733;354;140;350;369
220.215211;354;140;350;369
220.246659;354;140;350;369
220.283281;354;140;350;369
220.315028;354;140;350;369
220.347642;354;140;350;370
220.382786;354;140;351;369
220.428840;354;140;350;370
220.432823;354;140;350;369
220.478973;353;140;350;369
220.506930;353;140;351;369
220.545703;354;140;350;369
220.582258;354;140;351;369
220.614649;354;140;351;369
220.649460;353;140;350;369
220.683504;353;140;351;369
220.714031;354;140;350;369
220.746021;354;140;350;369
220.782453;354;140;350;369
220.813754;353;140;350;369
220.856808;354;140;350;369
220.859813;354;140;350;369
220.916189;354;140;351;369
220.946769;354;140;350;369
220.981773;352;140;350;369
221.014997;353;140;351;369
221.048199;354;140;350;369
221.073596;354;140;350;369
221.112930;354;140;351;369
221.154851;354;140;351;369
221.155368;354;140;350;369
221.215877;354;140;350;369
221.244601;353;140;350;369
221.282809;354;140;351;369
221.313161;354;140;351;369
221.344690;354;140;351;369
221.374620;353;140;350;369
221.411642;354;140;350;370
221.446715;354;140;350;369
221.478837;353;140;350;369
221.512519;353;140;350;369
221.547757;354;140;351;369
221.579995;354;140;351;369
221.611323;353;140;351;369
221.644194;353;140;351;369
221.680131;353;140;351;369
221.715031;354;140;351;369
221.743817;354;140;351;369
221.775785;353;140;350;369
221.811740;354;140;350;369
221.843660;354;140;350;369
221.877009;353;140;350;369
221.911615;354;140;350;369
221.943602;354;140;350;369
221.975657;354;140;351;369
222.012701;354;140;351;369
222.043581;353;140;351;369
222.075701;353;140;351;369
222.111593;354;140;351;369
222.164468;354;140;350;369
222.164984;353;140;351;369
222.209871;353;140;350;369
222.245067;353;140;350;369
222.276733;353;140;350;369
222.308868;354;140;350;369
222.345229;353;140;350;369
222.377782;354;140;351;369
222.408982;354;140;350;369
222.444887;354;140;350;369
222.476973;354;140;350;369
222.509935;354;140;350;369
222.541283;354;140;350;369
222.576873;354;140;350;369
222.609049;354;140;350;369
222.640891;354;140;350;369
222.677216;354;140;350;369
222.710215;354;140;350;369
222.740790;354;140;350;369
222.777334;354;140;350;369
222.809940;354;140;350;369
222.840979;354;140;350;370
222.876813;354;140;350;369
222.909028;354;140;350;369
222.940711;354;140;350;370
222.977049;354;140;350;369
223.008739;354;140;350;370
223.041034;354;140;350;370
223.073856;354;140;350;370
223.108738;354;140;350;369
223.140940;354;140;350;369
223.172867;354;140;350;369
223.215002;354;140;350;369
223.241133;354;140;350;369
223.273217;354;140;350;369
223.308639;354;140;350;369
223.340927;354;140;350;369
223.372801;354;140;350;369
223.408858;354;140;350;369
223.440785;354;140;350;369
223.472958;354;140;350;369
223.508756;354;140;350;369
223.540913;354;140;351;369
223.572710;354;140;350;369
223.604793;354;140;350;369
223.640757;354;140;351;369
223.673262;354;140;351;369
223.704944;354;140;351;369
223.740992;354;140;350;369
223.775598;354;140;350;369
223.805041;353;140;350;369
223.840741;353;140;350;369
223.873042;354;140;350;369
223.906891;353;140;350;369
223.940710;353;140;350;369
223.974910;354;140;351;369
224.004878;354;140;350;369
224.045029;353;140;351;369
224.073023;354;140;351;369
224.104956;354;140;351;369
224.140861;354;140;351;369
224.174364;354;140;350;369
224.204787;354;140;351;369
224.237145;354;140;351;369
224.272847;353;140;351;369
224.304997;354;140;351;369
224.336940;354;140;351;369
224.373018;353;140;351;369
224.404810;353;140;351;369
224.437036;353;140;350;369
224.472862;353;140;350;369
224.505266;354;140;350;369
224.536840;354;140;350;369
224.573106;354;140;350;369
224.604814;354;140;351;369
224.636860;354;140;350;369
224.673862;354;140;351;369
224.705496;354;140;350;369
224.736942;354;140;350;369
224.768802;354;140;351;369
224.805898;354;140;351;369
224.836762;354;140;350;369
224.868851;354;140;350;369
224.904796;354;140;350;369
224.936796;354;140;350;369
224.974925;354;140;350;369
225.005091;354;140;350;369
225.036892;354;140;350;369
225.068967;354;140;350;369
225.106050;354;140;350;369
225.136768;354;140;350;369
225.168952;354;140;350;369
225.204875;354;140;350;369
225.238046;354;140;350;369
225.268791;354;140;350;369
225.300928;354;140;350;369
225.337584;354;140;350;369
225.368733;354;140;350;369
225.400745;354;140;350;369
225.436798;354;140;350;369
225.469577;354;140;350;369
225.500699;354;140;350;369
225.536931;354;140;350;369
225.568871;354;140;350;369
225.600770;354;140;350;369
225.637460;354;140;350;369
225.669020;354;140;350;369
225.706549;354;140;350;369
225.736931;354;140;350;369
225.768801;354;140;350;369
225.800879;354;140;350;369
225.837854;354;140;350;369
225.869150;354;140;350;369
225.900769;354;140;350;369
225.933010;354;140;350;369
225.971254;354;140;350;369
226.001013;354;140;350;369
226.033270;354;140;350;370
226.068769;354;140;350;369
226.101017;354;140;350;369
226.138171;354;140;350;369
226.169254;354;140;350;369
226.203613;354;140;350;369
226.233000;354;140;350;369
226.277070;354;140;350;369
226.301831;354;140;350;369
226.332717;354;140;350;369
226.368791;354;140;350;369
226.400914;354;140;350;369
226.432814;354;140;351;369
226.465181;354;140;351;369
226.503808;354;140;351;369
226.532924;354;140;351;369
226.564848;354;140;350;369
226.600706;354;140;350;369
226.633626;354;140;350;369
226.664760;354;140;351;369
226.700848;354;140;351;369
226.737862;354;140;350;369
226.764724;354;140;350;369
226.805264;354;140;350;369
226.833267;354;140;350;369
226.864951;354;140;350;369
226.900902;354;140;350;369
226.932888;354;140;351;369
226.964877;354;140;351;369
226.997492;354;140;350;369
227.032778;354;140;350;369
227.064979;354;140;350;369
227.096803;354;140;350;369
227.132856;354;140;350;369
227.164658;354;140;350;369
227.200532;354;140;351;369
227.233870;354;140;351;369
227.264851;354;140;351;369
227.296654;354;140;351;369
227.332647;354;140;351;369
227.365924;354;140;350;369
227.396970;354;140;351;369
227.434944;354;140;350;369
227.464737;354;140;350;369
227.497993;354;140;351;369
227.532653;354;140;350;369
227.565717;354;140;351;369
227.596790;354;140;350;369
227.629519;354;140;350;369
227.665458;354;140;350;369
227.699013;354;140;350;369
227.729835;354;140;351;369
227.767300;354;140;350;369
227.797018;354;140;350;369
227.830916;354;140;350;369
227.864848;354;140;350;369
227.897557;354;140;350;369
227.928695;354;140;351;369
227.964684;354;140;350;369
227.996667;354;140;350;369
228.028664;354;140;350;369
228.065764;354;140;351;369
228.096719;354;140;351;369
228.129457;354;140;350;369
228.160844;354;140;350;369
228.196701;354;140;350;369
228.228882;354;140;350;369
228.262145;354;140;350;369
228.296890;354;140;350;369
228.371324;354;140;350;369
228.372352;354;140;350;369
228.380569;354;140;350;369
228.428693;353;140;350;369
228.463765;354;140;350;369
228.496151;353;140;351;369
228.527984;354;140;350;370
228.559828;353;140;350;369
228.595840;353;140;350;369
228.628175;353;140;351;369
228.660684;354;140;350;369
228.696072;354;140;350;370
228.727756;354;140;351;369
228.759778;354;140;351;369
228.795685;354;140;351;369
228.827985;354;140;351;369
228.859815;353;140;351;369
228.895845;354;140;351;369
228.927914;354;140;351;369
228.960339;354;140;351;369
228.995917;354;140;351;369
229.027818;354;140;351;369
229.060397;354;140;351;369
229.095871;354;140;351;369
229.127850;354;140;351;369
229.159940;354;140;350;369
229.191966;354;140;351;369
229.242203;354;140;351;369
229.243194;354;140;351;369
229.294940;354;140;350;369
229.326789;354;140;350;370
229.358806;354;140;350;369
229.394759;354;140;350;369
229.427943;354;140;350;369
229.458905;354;140;350;369
229.494944;354;140;350;369
229.527373;354;140;351;369
229.559263;354;140;351;369
229.590799;354;140;351;369
229.626903;354;140;351;369
229.658760;354;140;350;369
229.691558;354;140;351;369
229.726985;354;140;351;369
229.759845;354;140;351;369
229.790753;354;140;351;369
229.827073;354;140;351;369
229.859149;354;140;351;369
229.890705;354;140;351;369
229.939832;354;140;351;369
229.940734;354;140;351;369
229.993303;353;140;351;369
230.023965;352;140;351;369
230.059931;354;140;351;369
230.091995;353;140;351;369
230.123769;353;140;350;369
230.159804;353;140;350;369
230.191900;354;140;351;369
230.223875;354;140;351;369
230.255981;354;140;350;369
230.292473;354;140;350;369
230.324199;354;140;350;369
230.355699;354;140;351;369
230.391939;354;140;350;369
230.423957;354;140;350;369
230.456596;354;140;350;369
230.492111;354;140;350;369
230.523698;354;140;350;369
230.555883;354;140;350;369
230.591819;354;140;350;369
230.628324;354;140;350;369
230.656621;354;140;350;369
230.697383;354;140;350;369
230.723992;354;140;350;369
230.755969;354;140;350;369
230.792367;354;140;351;369
230.823747;354;140;351;369
230.855907;354;140;351;369
230.887725;354;140;351;369
230.923893;354;140;351;369
230.955818;354;140;351;369
230.987817;354;140;351;369
231.024219;354;140;350;369
231.055782;354;140;350;369
231.088275;354;140;350;369
231.123723;354;140;350;369
231.156012;354;140;350;369
231.187856;354;140;350;369
231.223758;354;140;350;369
231.256774;354;140;350;369
231.287993;354;140;350;369
231.336385;354;140;350;369
231.356191;354;140;350;369
231.388081;354;140;350;369
231.419905;354;140;350;369
231.456189;354;140;350;369
231.487982;354;140;350;369
231.519902;354;140;350;369
231.555691;354;140;351;369
231.587948;354;140;351;369
231.640867;354;140;351;369
231.643728;354;140;350;369
231.686812;352;140;350;370
231.723250;354;140;350;369
231.754815;354;140;351;369
231.786712;354;140;350;369
231.819117;354;140;351;369
231.854817;353;140;351;369
231.886760;354;140;351;369
231.919829;354;140;351;369
231.955405;354;140;351;369
231.986708;353;140;351;369
232.018993;354;140;351;369
232.057918;354;140;351;369
232.086847;354;140;350;369
232.118988;354;140;350;369
232.154960;354;140;351;369
232.187070;354;140;351;369
232.233526;354;140;350;369
232.235348;354;140;350;369
232.298622;354;140;350;369
232.318625;353;140;350;370
232.354978;353;140;350;369
232.387334;354;140;351;369
232.418593;354;140;351;369
232.452737;354;140;351;369
232.486943;354;140;350;369
232.523342;354;140;350;369
232.551224;354;140;350;369
232.589241;354;140;351;369
232.618888;354;140;351;369
232.652570;354;140;351;369
232.686914;354;140;351;369
232.724944;354;140;351;369
232.727849;354;140;351;369
232.785863;353;140;350;370
232.819618;354;140;351;369
232.855421;354;140;351;369
232.884220;354;140;350;370
232.920705;354;140;350;369
232.954425;354;140;351;369
232.983936;353;140;351;369
233.021758;354;140;351;369
233.052044;353;140;350;369
233.085476;353;140;350;369
233.115905;354;140;350;369
233.152041;354;140;350;369
233.183815;354;140;350;369
233.216670;354;140;351;369
233.252443;354;140;351;369
233.290046;354;140;351;369
233.316283;354;140;351;369
233.355757;354;140;351;369
233.384112;354;140;351;369
233.420676;354;140;351;369
233.452139;354;140;351;369
233.487925;354;140;350;369
233.516721;354;140;351;369
233.552280;354;140;350;369
233.583668;354;140;350;369
233.617559;354;140;350;369
233.648716;354;140;350;369
233.683634;354;140;350;369
233.717316;354;140;350;369
233.747968;354;140;350;369
233.784361;354;140;350;369
233.815705;354;140;350;369
233.849388;354;140;350;369
233.885475;354;140;350;369
233.916885;354;140;350;369
233.948083;354;140;350;369
233.984386;354;140;350;369
234.016276;354;140;350;369
234.047824;354;140;350;369
234.084758;354;140;350;369
234.115949;354;140;350;369
234.148832;354;140;350;369
234.183689;354;140;351;369
234.217118;354;140;350;369
234.247975;354;140;350;369
234.281368;354;140;350;369
234.315976;354;140;350;369
234.347774;354;140;350;369
234.379644;354;140;350;369
234.415778;354;140;351;369
234.447591;354;140;351;369
234.480900;354;140;350;369
234.515940;354;140;350;369
234.547735;354;140;350;369
234.579746;354;140;350;369
234.618334;354;140;350;369
234.647673;354;140;350;369
234.681277;354;140;351;369
234.715887;354;140;350;369
234.748965;354;140;350;369
234.781341;354;140;350;369
234.811693;354;140;351;369
234.848891;354;140;350;369
234.879748;354;140;350;369
234.913528;354;140;350;369
234.948033;354;140;350;369
234.979700;354;140;350;369
235.011646;354;140;350;369
235.048839;354;140;350;370
235.079801;354;140;350;369
235.112373;354;140;351;369
235.147666;354;140;350;369
235.180622;354;140;351;369
235.211928;354;140;350;370
235.250200;354;140;351;369
235.280349;354;140;351;369
235.314495;354;140;350;369
235.344150;354;140;351;369
235.379664;354;140;350;370
235.411775;354;140;350;370
235.446784;354;140;351;369
235.481731;354;140;351;369
235.511772;354;140;350;370
235.545021;354;140;350;370
235.579752;354;140;350;369
235.612760;354;140;351;369
235.643795;354;140;351;369
235.679779;354;140;351;369
235.711947;354;140;351;369
235.748746;354;140;351;369
235.779845;354;140;350;369
235.813569;354;140;351;369
235.844085;354;140;351;369
235.879863;354;140;351;369
235.913162;354;140;351;369
235.944057;354;140;350;369
235.977267;354;140;351;369
236.011920;354;140;350;369
236.047657;354;140;351;369
236.075769;354;140;351;369
236.119565;354;140;351;369
236.143852;354;140;350;369
236.177236;354;140;350;369
236.212325;354;140;350;369
236.246157;354;140;350;369
236.275802;354;140;351;369
236.311881;354;140;350;369
236.329682;354;140;350;369
236.377787;354;140;350;369
236.409011;353;140;350;369
236.444839;354;140;351;369
236.476670;353;140;351;369
236.509193;354;140;351;369
236.544922;354;140;350;369
236.576706;354;140;350;369
236.608689;354;140;350;369
236.641024;354;140;351;369
236.678540;354;140;351;369
236.708627;354;140;351;369
236.740722;354;140;351;369
236.777231;354;140;351;369
236.808666;354;140;350;369
236.841238;354;140;350;369
236.876982;354;140;350;369
236.909235;354;140;350;369
236.940736;354;140;350;369
236.978107;354;140;350;369
237.008687;353;140;350;369
237.040925;354;140;350;369
237.076997;354;140;350;369
237.109329;354;140;350;369
237.140829;354;140;350;369
237.172726;354;140;350;369
237.208669;354;140;350;369
237.242822;354;140;350;369
237.272637;354;140;351;369
237.312116;353;140;350;369
237.340808;353;140;350;369
237.372869;353;140;350;369
237.408891;354;140;350;369
237.440588;354;140;350;369
237.472971;354;140;350;369
237.509008;354;140;350;369
237.540777;354;140;350;369
237.572645;354;140;350;369
237.609394;354;140;350;369
237.640817;354;140;350;369
237.673722;354;140;350;369
237.708807;354;140;350;369
237.740873;354;140;350;369
237.772835;354;140;350;369
237.805763;354;140;350;369
237.842084;354;140;350;370
237.872754;354;140;350;370
237.905491;354;140;350;370
237.940684;354;140;350;369
237.972672;354;140;350;369
238.004771;354;140;350;369
238.040641;354;140;350;369
238.072730;354;140;350;369
238.105473;354;140;350;369
238.140720;354;140;350;370
238.174795;354;140;350;370
238.204674;354;140;350;369
238.241774;354;140;350;369
238.275018;354;140;350;370
238.304566;354;140;350;370
238.337163;354;140;350;370
238.372970;354;140;350;369
238.405472;354;140;350;369
238.436843;354;140;350;369
238.472676;354;140;350;369
238.505329;354;140;350;369
238.538210;354;140;351;369
238.572790;354;140;350;369
238.605416;354;140;351;369
238.637632;354;140;351;369
238.673899;354;140;351;369
238.704924;354;140;350;369
238.736699;354;140;351;369
238.773910;354;140;350;369
238.804713;354;140;350;369
238.836970;354;140;351;369
238.868860;354;140;351;369
238.904727;354;140;351;369
238.936741;354;140;351;369
238.970348;354;140;351;369
239.004839;354;140;351;369
239.037687;354;140;351;369
239.068750;354;140;351;369
239.104638;354;140;351;369
239.136929;354;140;351;369
239.172726;354;140;351;369
239.204632;354;140;350;369
239.239279;354;140;351;369
239.268729;354;140;350;369
239.305760;354;140;350;369
239.337441;354;140;350;369
239.369015;354;140;350;369
239.411770;354;140;350;369
239.437077;354;140;350;369
239.470195;354;140;350;369
239.500839;354;140;351;369
239.536723;354;140;350;369
239.568656;354;140;350;369
239.601634;354;140;350;369
239.637215;354;140;351;369
239.669001;354;140;350;369
239.700811;354;140;350;369
239.736805;354;140;350;369
239.769139;354;140;350;369
239.814306;354;140;350;369
239.814812;354;140;350;369
239.872968;354;140;351;369
239.902434;354;140;350;369
239.933634;354;140;351;369
239.970557;354;140;351;369
240.003226;353;140;351;369
240.033770;354;140;351;369
240.069808;354;140;351;369
240.101937;354;140;351;369
240.134032;353;140;350;369
240.168606;353;140;350;369
240.203286;353;140;350;369
240.233675;353;140;350;369
240.265832;353;140;350;369
240.301815;354;140;350;369
240.333673;354;140;351;369
240.365974;354;140;350;369
240.401929;354;140;350;369
240.437016;353;140;350;369
240.465727;354;140;350;369
240.502381;354;140;350;369
240.535018;354;140;350;369
240.569586;354;140;350;369
240.602264;354;140;350;369
240.633758;354;140;350;369
240.666075;354;140;350;369
240.702453;354;140;350;369
240.734439;354;140;350;369
240.766019;354;140;350;369
240.797643;354;140;350;369
240.833602;354;140;350;369
240.867594;354;140;351;369
240.904451;354;140;351;369
240.908123;354;140;350;369
240.969814;353;140;350;369
241.001698;354;140;350;369
241.032316;354;140;350;369
241.064065;353;140;351;369
241.099748;354;140;351;369
241.131825;353;140;350;370
241.165437;353;140;350;370
241.201636;354;140;350;370
241.233812;354;140;350;370
241.264160;354;140;350;370
241.300739;354;140;351;369
241.333616;354;140;350;369
241.363809;354;140;351;369
241.400180;354;140;351;369
241.432377;354;140;351;369
241.463776;354;140;351;369
241.499892;354;140;351;369
241.532335;354;140;351;369
241.563922;354;140;351;369
241.595757;354;140;351;369
241.631750;354;140;351;369
241.673485;354;140;351;369
241.696544;354;140;351;369
241.731795;354;140;351;369
241.764079;354;140;351;369
241.795983;354;140;351;369
241.831833;354;140;351;369
241.864161;354;140;351;369
241.896351;354;140;351;369
241.931843;354;140;351;369
241.964045;354;140;351;369
241.995769;354;140;351;369
242.031821;354;140;351;369
242.063840;354;140;351;369
242.107781;354;140;351;369
242.174013;353;140;351;369
242.175600;354;140;351;369
242.236881;354;140;351;369
242.262762;354;140;351;369
242.296084;353;140;350;370
242.331695;353;140;350;369
242.366160;353;140;351;369
242.395804;354;140;351;369
242.430744;354;140;351;369
242.465434;353;140;351;369
242.494796;354;140;351;369
242.533393;354;140;351;369
242.562762;354;140;351;369
242.594876;353;140;351;369
242.627058;354;140;351;369
242.685299;353;140;351;369
242.685842;354;140;351;369
242.726754;354;140;351;369
242.762778;354;140;350;369
242.794662;353;140;350;369
242.826647;354;140;351;369
242.862723;354;140;351;369
242.895560;354;140;351;369
242.926818;354;140;350;369
242.962831;354;140;351;369
242.994844;353;140;350;369
243.026649;354;140;351;369
243.062649;354;140;350;369
243.094679;354;140;351;369
243.126996;354;140;350;369
243.160719;354;140;350;369
243.183259;353;140;350;369
243.225668;354;140;350;369
243.261703;353;140;350;370
243.293670;354;140;350;369
243.326375;354;140;350;369
243.361792;354;140;351;369
243.394191;353;140;350;370
243.427774;353;140;350;369
243.460532;354;140;351;369
243.492203;354;140;350;369
243.529974;354;140;350;369
243.535722;353;140;350;369
243.591680;354;140;350;369
243.627710;354;140;350;369
243.664703;354;140;350;369
243.691883;353;140;350;369
243.727929;353;140;350;370
243.759878;353;140;350;369
243.794273;353;140;350;369
243.824189;353;140;350;369
243.862823;354;140;350;370
243.893275;354;140;350;370
243.924088;354;140;350;369
243.960067;354;140;350;369
243.991955;354;140;350;369
244.023906;354;140;350;369
244.060303;354;140;350;369
244.092146;354;140;350;369
244.124121;354;140;350;370
244.160960;354;140;350;370
244.191877;354;140;350;370
244.225754;354;140;350;370
244.260328;354;140;350;370
244.292831;354;140;350;370
244.324905;354;140;350;370
244.364019;354;140;350;370
244.392126;354;140;350;369
244.424170;354;140;350;369
244.456683;354;140;350;369
244.491760;354;140;350;369
244.536252;354;140;349;369
244.556458;354;140;350;367
244.592657;354;140;349;367
244.624135;353;140;348;366
244.658604;352;140;345;367
244.692354;352;140;340;366
244.723670;348;140;331;366
244.756289;345;140;323;366
244.791828;343;140;355;244
244.824862;341;140;361;222
244.855833;339;140;360;224
244.893692;338;140;358;224
244.925020;335;140;290;362
244.956667;334;140;287;361
244.988968;333;139;283;360
245.024733;331;139;280;360
245.056955;330;139;278;359
245.089658;328;139;277;359
245.120911;328;139;276;359
245.158910;328;139;277;360
245.188954;328;139;279;360
245.223038;328;139;281;361
245.256903;329;139;285;362
245.289871;329;139;288;363
245.322290;331;139;291;365
245.356794;332;139;351;218
245.401570;333;139;351;224
245.401919;329;139;288;363
245.461217;337;139;323;368
245.490471;338;140;326;368
245.525917;339;140;332;368
245.526754;329;139;288;363
245.591652;343;140;346;368
245.623607;344;141;351;369
245.656088;347;141;358;369
245.687444;353;140;365;369
245.722969;356;140;373;368
245.754915;359;140;380;368
245.788057;361;140;387;368
245.822990;364;139;392;368
245.854736;367;139;398;367
245.886779;368;139;402;366
245.922812;370;139;405;366
245.954668;371;139;408;365
245.986873;373;138;410;365
246.019087;374;138;410;365
246.054710;375;138;411;365
246.090448;375;138;411;365
246.118817;375;138;410;365
246.157012;375;138;409;365
246.186952;374;138;406;366
246.219193;373;138;403;366
246.255441;371;139;399;367
246.286969;369;139;394;367
246.318618;368;139;389;368
246.354826;367;139;384;368
246.392591;364;140;378;368
246.418954;362;140;372;369
246.455314;360;140;366;369
246.487160;358;140;359;369
246.518649;356;140;353;369
246.550804;353;140;347;369
246.588858;351;140;341;369
246.610962;347;140;359;369
246.653484;343;140;327;369
246.686843;342;140;324;368
246.720957;341;140;322;367
246.759491;340;140;350;244
246.785693;339;140;349;241
246.817587;338;140;348;232
246.852712;338;140;351;246
246.885276;337;140;351;246
246.923663;337;140;349;246
246.953060;336;140;349;245
246.986092;336;140;354;246
247.017536;336;140;353;246
247.052642;336;140;348;245
247.085195;336;140;354;246
247.117031;336;140;349;246
247.152856;336;140;349;246
247.184682;336;140;350;246
247.217526;337;140;350;246
247.252717;337;140;321;367
247.284882;338;140;322;368
247.316794;339;140;324;368
247.352780;339;140;326;369
247.384918;340;140;331;369
247.418852;341;140;336;369
247.448793;342;140;341;369
247.486928;344;140;345;369
247.516804;345;140;349;369
247.548698;349;140;354;369
247.584916;351;140;359;369
247.618636;353;140;364;369
247.649059;354;140;368;369
247.684769;357;140;372;369
247.717220;359;140;376;369
247.752480;360;140;380;369
247.772783;362;140;368;369
247.816766;365;139;386;368
247.850069;366;139;388;368
247.881999;367;139;390;368
247.917821;367;139;391;368
247.949762;368;139;391;368
247.981821;368;139;391;368
248.018279;367;139;390;368
248.064315;367;139;389;368
248.064667;368;139;391;368
248.118430;366;139;384;368
248.148299;365;139;382;368
248.184235;364;140;379;368
248.216144;363;140;376;369
248.247755;361;140;372;369
248.284035;360;140;368;369
248.315745;359;140;365;369
248.348033;358;140;361;369
248.379787;356;140;356;370
248.416131;355;140;352;370
248.447957;353;140;348;369
248.479736;352;140;345;369
248.515739;351;140;341;369
248.551783;350;140;337;369
248.580518;348;140;334;369
248.615925;346;140;331;368
248.647740;345;140;328;368
248.679855;344;140;326;368
248.724213;343;140;324;368
248.725479;346;140;331;368
248.781895;342;140;322;367
248.813897;342;140;325;368
248.849805;341;140;322;367
248.883409;342;140;322;367
248.913179;342;140;322;367
248.949662;342;140;322;367
248.980792;342;140;322;367
249.012939;343;140;323;367
249.048808;342;140;323;368
249.080790;343;140;324;368
249.112751;343;140;325;368
249.144623;343;140;327;368
249.181367;343;140;328;369
249.212688;343;140;331;369
249.264894;343;140;334;369
249.314133;345;140;342;369
249.344737;345;140;344;369
249.381752;346;140;347;369
249.413487;347;140;349;369
249.444882;351;140;351;369
249.482974;351;140;354;369
249.512927;352;140;356;369
249.560762;352;140;358;369
249.581566;353;140;361;369
249.612696;355;140;363;369
249.645309;356;140;365;369
249.677105;357;140;367;369
249.712635;358;140;368;369
249.744947;359;140;369;369
249.777534;359;140;370;369
249.812703;360;140;371;369
249.851000;360;140;371;369
249.899302;360;140;371;369
249.900819;359;140;370;369
249.943766;360;140;368;369
249.980103;360;140;367;369
250.028550;359;140;366;369
250.028928;359;140;370;369
250.079079;358;140;362;369
250.109737;357;140;361;369
250.145559;357;140;359;369
250.177970;356;140;357;369
250.209822;356;140;355;369
250.245796;355;140;354;369
250.278111;355;140;352;369
250.309888;354;140;351;369
250.341928;354;140;349;369
250.380475;354;140;347;369
250.409728;353;140;346;369
250.441866;353;140;344;369
250.477769;352;140;343;369
250.509954;352;140;342;369
250.541973;352;140;340;369
250.579912;351;140;340;369
250.609955;351;140;339;369
250.644575;351;140;338;369
250.678030;350;140;338;369
250.710787;351;140;337;369
250.742098;351;140;337;369
250.779247;351;140;337;369
250.811631;351;140;337;369
250.841821;351;140;338;369
250.877760;351;140;339;369
250.909640;351;140;340;369
250.942248;351;140;341;369
250.973696;351;140;342;369
251.010544;351;140;344;369
251.042009;351;140;345;369
251.073864;351;140;346;369
251.110087;351;140;347;369
251.143328;351;140;348;369
251.174984;351;140;348;370
251.211962;351;140;349;369
251.242080;351;140;350;370
251.274061;351;140;350;370
251.310512;351;140;351;370
251.341672;352;140;351;370
251.375564;352;140;352;370
251.409687;352;140;353;370
251.444125;352;140;353;369
251.474528;352;140;353;370
251.508311;352;140;354;369
251.541731;352;140;354;370
251.573771;353;140;354;370
251.605955;353;140;354;370
251.642616;354;140;354;370
251.674102;354;140;353;370
251.705811;354;140;352;370
251.741721;353;140;352;369
251.773956;354;140;351;369
251.805627;354;140;350;369
251.842399;354;140;349;369
251.875046;354;140;348;369
251.912026;354;140;348;369
251.941681;354;140;347;369
251.974555;354;140;347;369
252.005596;354;140;346;369
252.038644;354;140;345;369
252.073790;354;140;345;369
252.107106;354;140;345;369
252.137717;354;140;344;369
252.178342;354;140;344;369
252.205852;353;140;344;369
252.239323;353;140;345;369
252.273732;353;140;345;369
252.306699;353;140;345;369
252.337985;354;140;346;369
252.375369;354;140;347;369
252.405703;354;140;347;369
252.438000;354;140;348;369
252.473986;354;140;349;369
252.505676;354;140;350;369
252.538041;353;140;350;369
252.574163;354;140;351;369
252.606554;354;140;352;369
252.637600;354;140;353;369
252.670091;354;140;353;369
252.705718;354;140;354;369
252.744757;354;140;354;369
252.769668;354;140;354;369
252.819973;354;140;354;369
252.820634;354;140;354;369
252.873588;353;140;355;370
252.903890;354;140;355;369
252.935748;354;140;355;369
252.966277;353;140;354;369
253.005889;352;140;354;369
253.038000;354;140;354;369
253.070235;354;140;353;369
253.106635;354;140;353;369
253.137749;354;140;352;369
253.169961;353;140;351;369
253.202117;353;140;351;369
253.240651;354;140;351;369
253.269860;354;140;350;369
253.301755;353;140;349;369
253.337967;353;140;348;369
253.369830;354;140;348;369
253.406637;353;140;350;369
253.436040;353;140;346;369
253.468120;353;140;346;369
253.503830;352;140;345;369
253.535631;353;140;345;369
253.572725;353;140;344;369
253.603891;353;140;345;369
253.636743;353;140;345;369
253.668013;353;140;345;369
253.703706;353;140;345;369
253.736999;353;140;345;369
253.767731;353;140;346;369
253.803893;353;140;346;369
253.835839;353;140;347;369
253.867977;353;140;348;369
253.903775;354;140;348;369
253.937761;353;140;349;369
253.967721;354;140;350;369
254.003897;354;140;350;370
254.035904;354;140;351;370
254.088069;354;140;352;369
254.088548;354;140;350;369
254.137587;353;140;354;369
254.164926;354;140;351;370
254.201949;354;140;354;370
254.233846;354;140;354;370
254.270261;353;140;355;369
254.301685;354;140;354;370
254.333865;354;140;354;370
254.365812;354;140;354;370
254.401788;354;140;354;370
254.467465;354;140;354;370
254.467796;354;140;354;370
254.500558;354;140;353;370
254.535797;354;140;353;369
254.566780;353;140;352;370
254.600428;353;140;351;370
254.637333;354;140;351;369
254.666820;354;140;350;369
254.699855;354;140;350;369
254.734803;353;140;349;369
254.766954;354;140;349;369
254.798760;353;140;348;369
254.838592;352;140;348;369
254.868573;353;140;347;369
254.898660;353;140;347;369
254.937221;353;140;346;369
254.965334;353;140;345;369
255.000585;354;140;345;369
255.032764;354;140;345;369
255.064750;354;140;345;369
255.100810;353;140;345;369
255.158877;353;140;346;369
255.160966;354;140;345;369
255.200629;353;140;347;369
255.225249;352;140;345;369
255.265287;353;140;348;369
255.303876;354;140;348;369
255.332734;354;140;349;369
255.364575;352;140;350;369
255.397018;353;140;350;369
255.444685;354;140;351;369
255.444959;354;140;349;369
255.499768;354;140;352;370
255.530669;354;140;352;370
255.567056;354;140;353;370
255.598989;354;140;353;370
255.631031;354;140;354;369
255.662667;354;140;354;369
255.701322;354;140;354;369
255.730835;354;140;355;369
255.769961;354;140;354;370
255.799294;354;140;354;370
255.832859;354;140;354;370
255.863453;354;140;354;369
255.901977;354;140;354;369
255.937585;354;140;354;369
255.942122;354;140;354;370
255.997754;353;140;352;369
256.029845;353;140;352;369
256.063020;353;140;351;369
256.097939;354;140;351;369
256.131708;354;140;350;369
256.161936;354;140;349;369
256.199648;354;140;349;369
256.234739;354;140;348;369
256.261821;353;140;348;369
256.297669;354;140;348;369
256.329739;354;140;347;369
256.361728;353;140;347;369
256.397997;352;140;346;369
256.430183;352;140;346;369
256.461741;353;140;346;369
256.497863;353;140;346;369
256.529786;353;140;346;369
256.562767;353;140;346;369
256.593664;353;140;346;369
256.631918;353;140;346;369
256.661867;353;140;346;369
256.696071;353;140;347;369
256.730129;354;140;347;369
256.762043;353;140;348;369
256.793651;353;140;348;369
256.829798;353;140;349;369
256.862089;353;140;350;369
256.894240;353;140;350;369
256.929726;353;140;351;369
256.964320;353;140;351;369
256.995006;354;140;352;369
257.033186;353;140;353;369
257.062451;354;140;353;369
257.117249;354;140;353;369
257.117708;354;140;352;369
257.159794;353;140;354;369
257.195589;354;140;354;370
257.227907;353;140;354;370
257.260026;352;140;354;369
257.295911;353;140;354;369
257.328378;354;140;354;369
257.359801;354;140;353;370
257.413335;354;140;353;369
257.414542;353;140;354;369
257.487465;353;140;351;370
257.487910;354;140;353;370
257.528732;354;140;350;370
257.559668;353;140;350;369
257.592227;353;140;349;369
257.629067;353;140;349;369
257.660483;353;140;349;369
257.691764;354;140;348;369
257.728371;354;140;348;369
257.759841;353;140;347;369
257.791781;354;140;347;369
257.827807;353;140;347;369
257.859973;353;140;347;369
257.891785;353;140;346;369
257.928762;353;140;346;369
257.960370;353;140;346;369
257.992868;353;140;346;369
258.018026;353;140;346;369
258.060837;352;140;347;369
258.092974;352;140;347;369
258.124975;353;140;347;369
258.156753;353;140;348;369
258.192852;353;140;348;369
258.225533;353;140;349;369
258.258342;353;140;349;369
258.293060;353;140;350;369
258.325507;354;140;350;369
258.356882;354;140;351;369
258.392733;354;140;351;370
258.425794;354;140;352;370
258.477543;354;140;350;369
258.478692;354;140;351;369
258.527954;354;140;353;370
258.557790;354;140;354;370
258.589956;353;140;354;370
258.626105;354;140;354;370
258.658043;353;140;354;370
258.690042;354;140;354;370
258.725964;354;140;354;370
258.758535;353;140;353;370
258.790578;354;140;353;370
258.822196;354;140;353;370
258.857753;354;140;353;370
258.911170;354;140;352;370
258.911890;354;140;353;370
258.955997;353;140;351;369
258.991748;353;140;350;369
259.023775;353;140;350;369
259.055796;354;140;350;369
259.092364;354;140;349;369
259.124053;354;140;349;369
259.156188;354;140;348;369
259.187745;354;140;348;369
259.224030;354;140;347;369
259.255811;353;140;347;369
259.287944;353;140;347;369
259.323744;353;140;347;369
259.355811;354;140;347;369
259.400972;353;140;347;369
259.403090;353;140;347;369
259.455882;353;140;347;369
259.490921;353;140;347;369
259.536352;352;140;347;369
259.554853;353;140;348;369
259.587915;354;140;348;369
259.622715;354;140;348;369
259.656878;354;140;349;369
259.686861;354;140;349;369
259.723906;354;140;350;369
259.755522;354;140;350;369
259.786995;354;140;350;369
259.822887;353;140;351;369
259.854854;354;140;351;369
259.886830;354;140;352;369
259.923340;353;140;352;369
259.954821;353;140;353;369
259.986931;354;140;353;369
260.023203;354;140;353;369
260.055294;354;140;353;369
260.087024;353;140;353;369
260.118819;353;140;353;369
260.154734;353;140;353;369
260.187066;353;140;354;369
260.219078;354;140;353;369
260.255142;353;140;353;369
260.286758;353;140;353;369
260.318746;354;140;353;369
260.355097;354;140;352;369
260.383896;354;140;353;369
260.421809;353;140;350;369
260.452757;354;140;350;369
260.484873;353;140;350;369
260.523958;353;140;349;369
260.552941;354;140;349;369
260.592419;353;140;348;369
260.621239;353;140;348;369
260.653121;353;140;348;369
260.684746;353;140;348;369
260.721994;353;140;347;369
260.752913;353;140;347;369
260.784642;352;140;347;369
260.820855;352;140;347;369
260.853269;352;140;347;369
260.884706;353;140;347;369
260.920993;353;140;347;369
260.954894;353;140;347;369
260.987123;353;140;348;369
261.018857;353;140;348;369
261.050781;353;140;348;369
261.086777;353;140;349;369
261.118738;353;140;349;369
261.151938;353;140;349;369
261.186862;354;140;350;369
261.228831;353;140;350;369
261.250937;353;140;351;369
261.282820;353;140;351;369
261.319190;354;140;352;369
261.351354;354;140;352;369
261.383318;354;140;352;369
261.420520;354;140;352;370
261.451075;354;140;353;369
261.482991;354;140;353;369
261.518820;354;140;353;369
261.550885;354;140;353;370
261.583129;354;140;353;370
261.619000;354;140;353;370
261.651901;354;140;353;370
261.682745;354;140;353;370
261.719603;354;140;353;370
261.752052;353;140;353;369
261.783112;354;140;353;369
261.815145;354;140;352;369
261.850646;354;140;352;369
261.882831;354;140;351;369
261.915037;354;140;350;369
261.950929;354;140;350;369
261.982746;354;140;350;369
262.014859;354;140;349;369
262.051651;354;140;348;369
262.084794;354;140;348;369
262.114845;354;140;348;369
262.150811;354;140;348;369
262.182707;354;140;348;369
262.214649;354;140;347;369
262.251298;354;140;347;369
262.283953;354;140;347;369
262.314802;353;140;347;369
262.350813;353;140;347;369
262.382926;353;140;347;369
262.414845;353;140;347;369
262.446723;353;140;347;369
262.482759;353;140;348;369
262.514717;354;140;348;369
262.546869;353;140;348;369
262.582724;353;140;349;369
262.615196;353;140;349;370
262.646834;353;140;350;369
262.682768;353;140;350;370
262.714663;353;140;350;370
262.746914;353;140;351;370
262.782698;353;140;351;370
262.814710;354;140;352;370
262.849099;354;140;352;370
262.883043;354;140;352;370
262.914777;354;140;352;370
262.946966;353;140;353;370
262.979342;354;140;353;370
263.014784;354;140;353;369
263.047155;354;140;353;370
263.078841;354;140;353;369
263.115047;354;140;353;369
263.146796;354;140;353;369
263.178759;354;140;352;370
263.215018;354;140;352;369
263.246852;353;140;352;369
263.278711;353;140;351;370
263.315001;354;140;351;369
263.352167;354;140;351;369
263.378797;354;140;350;369
263.415893;354;140;350;369
263.446764;354;140;350;369
263.478739;354;140;349;369
263.510939;353;140;349;369
263.547155;353;140;348;369
263.578783;353;140;348;369
263.610805;354;140;348;369
263.646703;353;140;348;369
263.679166;353;140;348;369
263.711378;353;140;348;369
263.746779;353;140;348;369
263.779237;354;140;348;369
263.811522;354;140;348;369
263.851848;354;140;348;369
263.878844;354;140;348;369
263.921229;354;140;348;369
263.946780;353;140;348;369
263.979468;353;140;348;369
264.010878;353;140;349;369
264.047561;353;140;349;369
264.079121;353;140;350;369
264.110752;353;140;350;369
264.143302;353;140;351;369
264.178646;353;140;351;369
264.210732;353;140;351;369
264.243110;353;140;352;369
264.279009;353;140;352;369
264.310933;353;140;352;369
264.342684;353;140;352;369
264.378782;353;140;353;369
264.411906;354;140;353;369
264.442809;353;140;353;369
264.489565;353;140;353;369
264.510974;353;140;353;369
264.542729;353;140;353;369
264.578934;353;140;353;369
264.610845;353;140;352;369
264.642702;353;140;352;369
264.675034;354;140;352;369
264.710760;354;140;351;369
264.742777;354;140;351;369
264.779086;354;140;351;369
264.810844;354;140;350;369
264.842793;353;140;350;369
264.875430;353;140;349;369
264.911125;353;140;349;369
264.942720;353;140;349;369
264.974766;353;140;348;369
265.010652;353;140;348;369
265.043055;353;140;348;369
265.074871;353;140;348;369
265.111309;353;140;348;369
265.142809;353;140;348;369
265.174741;354;140;348;369
265.206724;353;140;348;369
265.243015;353;140;348;369
265.275101;354;140;348;369
265.307425;353;140;348;369
265.342720;353;140;348;369
265.374935;353;140;348;369
265.406847;353;140;348;369
265.442702;353;140;349;369
265.475074;353;140;349;369
265.506820;354;140;350;369
265.542737;353;140;350;369
265.574896;354;140;350;370
265.606725;354;140;350;370
265.642660;354;140;351;370
265.674849;354;140;351;370
265.706942;354;140;352;369
265.742839;354;140;352;369
265.775074;353;140;352;370
265.806895;354;140;352;370
265.838830;354;140;352;370
265.876612;354;140;352;370
265.906875;354;140;352;370
265.939110;354;140;352;370
265.975282;354;140;352;370
266.006717;354;140;352;370
266.039119;353;140;352;370
266.074996;353;140;352;370
266.108776;354;140;352;370
266.138887;353;140;352;369
266.175898;353;140;351;369
266.207213;354;140;351;369
266.242046;353;140;350;369
266.275333;353;140;350;369
266.306698;353;140;350;369
266.340082;354;140;350;369
266.371452;354;140;349;369
266.407136;354;140;349;369
266.438706;354;140;349;369
266.470858;354;140;349;369
266.506862;354;140;348;369
266.538692;354;140;348;369
266.570971;353;140;348;369
266.608648;354;140;348;369
266.638749;353;140;348;369
266.670880;353;140;348;369
266.706733;353;140;348;369
266.741447;354;140;348;369
266.771748;353;140;348;369
266.806701;353;140;348;369
266.839807;353;140;348;369
266.870846;353;140;349;369
266.905024;353;140;349;369
266.939011;354;140;350;369
266.970931;354;140;350;369
267.003347;354;140;350;370
267.047594;354;140;350;370
267.071391;353;140;351;370
267.103198;354;140;351;370
267.142560;353;140;352;369
267.170725;354;140;352;369
267.209484;354;140;352;370
267.238799;354;140;352;370
267.271654;354;140;352;370
267.302882;354;140;352;370
267.342574;353;140;352;370
267.373678;354;140;352;370
267.405764;353;140;352;370
267.438821;353;140;352;370
267.473589;353;140;352;370
267.502896;354;140;352;370
267.534652;353;140;352;369
267.577338;354;140;352;370
267.578182;353;140;352;370
267.637203;352;140;350;369
267.667835;353;140;350;369
267.703754;352;140;350;369
267.735645;353;140;350;369
267.770061;353;140;349;369
267.803660;353;140;349;369
267.837553;353;140;349;369
267.867661;353;140;348;369
267.904373;353;140;348;369
267.935829;353;140;348;369
267.968057;353;140;348;369
268.003603;353;140;348;369
268.035737;353;140;348;369
268.067974;353;140;348;369
268.103963;353;140;348;369
268.136050;353;140;348;369
268.167664;353;140;348;369
268.200547;353;140;348;369
268.235567;353;140;348;369
268.267579;353;140;348;369
268.299801;353;140;349;369
268.336512;354;140;349;369
268.367618;353;140;349;369
268.399726;354;140;350;369
268.436215;354;140;350;369
268.468427;354;140;350;369
268.499701;354;140;351;369
268.540937;354;140;351;369
268.567663;354;140;351;369
268.600669;354;140;351;369
268.635589;354;140;351;369
268.667738;353;140;352;369
268.699792;354;140;352;369
268.732028;354;140;352;369
268.767876;354;140;352;369
268.799941;354;140;352;369
268.832077;354;140;352;369
268.867999;354;140;352;369
268.900387;354;140;352;369
268.931791;354;140;352;369
268.968064;354;140;352;369
269.000115;354;140;352;369
269.032368;354;140;351;369
269.068242;353;140;351;369
269.100603;354;140;351;369
269.132038;353;140;350;369
269.167786;353;140;350;369
269.201036;353;140;350;369
269.234323;353;140;349;369
269.267909;353;140;349;369
269.302297;353;140;349;369
269.331856;353;140;349;369
269.363964;354;140;349;369
269.400512;353;140;349;369
269.431733;353;140;348;369
269.464320;353;140;348;369
269.500200;353;140;348;369
269.531726;353;140;348;369
269.563639;353;140;348;369
269.599789;353;140;348;369
269.631725;354;140;348;369
269.663903;353;140;348;369
269.699546;354;140;349;369
269.731741;354;140;349;369
269.764268;354;140;349;369
269.800043;353;140;349;369
269.833360;353;140;350;369
269.863840;354;140;350;370
269.895719;354;140;350;369
269.931747;354;140;350;370
269.963667;354;140;351;370
269.996220;354;140;351;370
270.031755;354;140;351;370
270.064918;354;140;351;370
270.095753;354;140;351;370
270.131622;354;140;351;370
270.163725;354;140;351;370
270.196465;354;140;352;370
270.233285;353;140;352;370
270.264159;354;140;351;370
270.297024;354;140;351;370
270.332331;354;140;352;369
270.363957;354;140;351;370
270.395712;353;140;351;370
270.427797;354;140;351;370
270.464671;353;140;351;369
270.496651;353;140;351;369
270.527863;354;140;351;369
270.563663;353;140;351;369
270.595722;354;140;350;369
270.628256;354;140;350;369
270.663643;354;140;350;369
270.695770;354;140;349;369
270.736650;354;140;349;369
270.763930;354;140;349;369
270.796271;354;140;349;369
270.827670;353;140;349;369
270.866618;353;140;349;369
270.895848;354;140;349;369
270.929601;354;140;349;369
270.964381;354;140;349;369
270.995826;353;140;349;369
271.027894;353;140;349;369
271.059961;353;140;349;369
271.095957;353;140;349;369
271.127838;353;140;349;369
271.161016;353;140;349;369
271.195760;353;140;349;369
271.227679;354;140;350;369
271.259807;353;140;350;369
271.300190;353;140;350;369
271.327671;354;140;350;369
271.360468;354;140;350;369
271.396647;354;140;351;369
271.427578;354;140;351;369
271.459847;354;140;351;369
271.496636;354;140;351;369
271.528507;354;140;351;369
271.559911;354;140;352;369
271.591839;353;140;352;369
271.627880;354;140;352;369
271.660097;354;140;352;369
271.691592;354;140;352;369
271.734755;354;140;352;369
271.759596;354;140;352;369
271.791670;354;140;352;369
271.831516;354;140;352;369
271.859593;354;140;351;369
271.892499;354;140;351;369
271.927620;354;140;351;369
271.960380;354;140;351;369
272.045572;353;140;351;369
272.047702;354;140;351;369
272.048330;354;140;351;369
272.072587;353;140;351;369
272.125406;353;140;349;369
272.160950;353;140;349;369
272.192729;354;140;349;369
272.224873;353;140;349;369
272.260919;353;140;349;369
272.293357;353;140;349;369
272.313770;353;140;349;369
272.357941;353;140;349;369
272.393972;354;140;349;369
272.426919;353;140;349;369
272.555034;354;140;349;369
272.556045;353;140;349;369
272.556732;354;140;349;369
272.590015;352;140;349;369
272.624839;352;140;349;369
272.657691;353;140;350;369
272.692823;354;140;350;369
272.725508;353;140;350;369
272.756989;353;140;350;369
272.793202;353;140;351;369
272.824566;353;140;351;369
272.856686;354;140;351;369
272.888776;354;140;351;369
272.925382;354;140;351;369
272.955729;354;140;351;369
272.991457;353;140;352;369
273.031654;354;140;351;369
273.059260;352;140;351;369
273.091096;353;140;352;369
273.122805;354;140;351;370
273.154886;354;140;351;370
273.190689;354;140;351;370
273.223097;354;140;351;370
273.260370;354;140;351;370
273.264779;354;140;351;370
273.326965;353;140;350;370
273.357917;353;140;350;370
273.389552;352;140;350;370
273.420968;353;140;350;369
273.456855;354;140;350;369
273.496792;354;140;350;369
273.499840;352;140;350;370
273.555987;353;140;349;369
273.591201;353;140;349;369
273.625275;354;140;349;369
273.662313;354;140;350;370
273.663652;353;140;349;369
273.721896;354;140;349;369
273.753691;354;140;349;369
273.789713;354;140;349;369
273.821979;352;140;349;369
273.858310;353;140;349;369
273.888160;354;140;349;369
273.923613;352;140;349;369
273.956226;353;140;349;370
273.990299;353;140;349;369
274.019701;353;140;349;369
274.074745;353;140;349;369
274.079071;353;140;349;370
274.123399;353;140;350;369
274.154550;354;140;350;369
274.191662;353;140;350;369
274.223391;352;140;350;370
274.257132;353;140;351;369
274.294868;353;140;350;370
274.295466;353;140;350;369
274.354892;352;140;351;369
274.386620;354;140;351;370
274.426781;354;140;351;370
274.454633;354;140;351;369
274.488711;354;140;351;369
274.518580;353;140;351;370
274.555860;354;140;351;370
274.586806;354;140;351;370
274.618876;354;140;351;370
274.654668;353;140;351;370
274.688660;354;140;351;370
274.718798;354;140;351;370
274.754732;354;140;351;370
274.787549;354;140;351;370
274.819298;354;140;351;369
274.854484;354;140;351;370
274.885640;354;140;350;370
274.917822;354;140;350;369
274.953623;354;140;350;369
274.989763;354;140;350;369
275.017888;354;140;350;369
275.057194;353;140;350;369
275.086099;354;140;350;369
275.117735;354;140;349;369
275.153680;354;140;349;369
275.185648;353;140;349;369
275.218692;353;140;349;369
275.250745;353;140;349;369
275.286142;353;140;349;369
275.317821;353;140;349;369
275.350012;353;140;349;369
275.386040;353;140;349;369
275.418478;354;140;349;369
275.450634;353;140;349;369
275.488406;354;140;349;369
275.518473;354;140;349;369
275.549805;354;140;350;369
275.585962;354;140;350;369
275.617753;354;140;350;369
275.650849;354;140;350;369
275.685884;354;140;350;369
275.721054;354;140;350;369
275.749771;353;140;350;369
275.785670;354;140;350;369
275.817665;354;140;350;369
275.853240;354;140;351;369
275.883243;354;140;351;369
275.917789;353;140;351;369
275.949841;354;140;351;369
275.981836;354;140;351;369
276.017854;354;140;351;369
276.049771;353;140;351;369
276.081760;354;140;351;369
276.117832;354;140;351;369
276.149634;354;140;351;369
276.182047;354;140;351;369
276.218806;354;140;351;369
276.249802;354;140;351;369
276.281902;354;140;351;369
276.317952;354;140;351;369
276.349849;354;140;350;369
276.381872;353;140;350;369
276.430940;353;140;350;369
276.431601;353;140;351;369
276.484237;353;140;350;369
276.516906;353;140;350;369
276.547912;353;140;350;369
276.581289;354;140;349;369
276.616890;353;140;349;369
276.649540;354;140;349;369
276.680584;354;140;349;369
276.717663;353;140;349;369
276.748549;353;140;349;369
276.780947;353;140;349;369
276.812781;353;140;349;369
276.849623;353;140;349;369
276.881205;353;140;350;369
276.914597;354;140;350;369
276.949265;353;140;350;369
276.984165;353;140;350;369
277.013228;353;140;350;369
277.048929;354;140;350;369
277.069887;354;140;350;369
277.113628;352;140;350;369
277.146217;353;140;350;369
277.181707;353;140;351;369
277.214935;353;140;351;369
277.245729;353;140;351;369
277.282782;353;140;351;369
277.313944;353;140;350;370
277.347101;353;140;351;370
277.381801;353;140;351;369
277.416582;354;140;351;369
277.445804;354;140;351;369
277.482099;354;140;351;369
277.513741;354;140;351;370
277.545739;354;140;351;370
277.578271;354;140;351;369
277.613653;354;140;351;370
277.647090;354;140;350;370
277.677638;353;140;350;370
277.714466;354;140;350;370
277.745927;354;140;350;370
277.777736;354;140;350;370
277.813790;354;140;350;369
277.847834;354;140;350;369
277.877902;354;140;350;369
277.913668;354;140;350;369
277.946177;354;140;350;369
277.977751;354;140;350;369
278.014211;353;140;350;369
278.046205;353;140;350;369
278.078482;354;140;350;369
278.109805;354;140;350;369
278.146096;354;140;350;369
278.178067;354;140;350;369
278.211387;354;140;350;369
278.243836;354;140;350;369
278.282738;354;140;349;369
278.311705;354;140;350;369
278.344816;354;140;350;369
278.376000;354;140;350;369
278.411582;353;140;350;369
278.444223;353;140;350;369
278.475816;353;140;350;369
278.513148;353;140;350;369
278.543654;353;140;350;369
278.582063;354;140;350;369
278.611934;354;140;350;369
278.644799;354;140;350;369
278.675785;354;140;350;369
278.711882;354;140;350;369
278.744845;354;140;351;369
278.775803;354;140;351;369
278.812202;353;140;351;369
278.843678;353;140;351;369
278.875803;353;140;351;369
278.911766;353;140;351;369
278.944123;353;140;351;369
278.975649;353;140;351;369
279.013164;354;140;351;369
279.018013;353;140;351;369
279.082126;354;140;351;369
279.110081;353;140;350;369
279.140820;353;140;350;369
279.176641;354;140;350;369
279.208669;354;140;350;369
279.241434;353;140;350;369
279.276702;354;140;350;369
279.310305;354;140;350;369
279.340643;353;140;350;369
279.378773;354;140;350;369
279.408559;354;140;350;369
279.441527;354;140;350;369
279.476768;354;140;350;369
279.513327;354;140;350;369
279.541937;354;140;350;369
279.576659;354;140;350;369
279.602919;353;140;350;369
279.641689;354;140;350;369
279.674489;353;140;349;369
279.710168;353;140;350;369
279.743369;354;140;350;369
279.773794;353;140;350;369
279.807759;353;140;350;369
279.841647;354;140;350;369
279.877767;353;140;350;369
279.905675;354;140;350;369
279.942097;354;140;350;369
279.973562;354;140;350;369
280.006214;354;140;350;369
280.041688;353;140;350;369
280.074376;353;140;350;369
280.106675;354;140;350;369
280.141740;354;140;350;369
280.173613;353;140;350;369
280.205779;353;140;350;370
280.242146;353;140;350;369
280.273905;353;140;350;369
280.305847;354;140;351;369
280.337781;354;140;350;370
280.373936;354;140;350;370
280.405625;354;140;350;370
280.443167;354;140;350;370
280.473905;354;140;350;370
280.506748;354;140;350;370
280.537697;354;140;350;370
280.574006;354;140;350;370
280.605679;354;140;350;369
280.637661;354;140;350;370
280.674704;354;140;350;369
280.705704;354;140;350;369
280.737788;353;140;350;369
280.774107;353;140;350;369
280.805921;354;140;350;369
280.838007;354;140;350;369
280.873824;354;140;350;369
280.905640;354;140;350;369
280.941338;354;140;350;369
280.970219;354;140;350;369
281.007175;354;140;350;369
281.039330;354;140;350;369
281.070842;354;140;350;369
281.107468;354;140;350;369
281.137946;354;140;350;369
281.172720;354;140;350;369
281.205715;354;140;350;369
281.244363;354;140;350;369
281.269960;354;140;350;369
281.306092;354;140;350;369
281.338188;354;140;350;369
281.369837;354;140;350;369
281.405670;354;140;350;369
281.437707;354;140;350;369
281.470936;354;140;350;369
281.501772;354;140;350;369
281.538677;354;140;350;369
281.570384;354;140;350;369
281.603172;354;140;350;369
281.637714;354;140;350;369
281.669747;354;140;351;369
281.701818;354;140;350;370
281.742011;354;140;351;369
281.769689;354;140;350;369
281.803138;354;140;350;369
281.837595;354;140;351;369
281.871046;354;140;351;369
281.901857;354;140;351;369
281.938783;354;140;350;369
281.969675;354;140;350;369
282.002322;354;140;350;369
282.034649;354;140;350;369
282.072528;354;140;350;369
282.101882;353;140;350;369
282.133855;353;140;350;369
282.170567;354;140;350;369
282.202657;354;140;350;369
282.234350;354;140;350;369
282.269723;354;140;350;369
282.303296;354;140;350;369
282.333673;354;140;350;369
282.374575;354;140;350;369
282.375928;354;140;350;369
282.436463;354;140;350;369
282.467641;354;140;350;369
282.501548;353;140;350;369
282.535942;354;140;350;369
282.568132;354;140;350;369
282.600593;354;140;350;369
282.638165;354;140;350;369
282.667904;353;140;350;369
282.699931;353;140;350;369
282.735754;354;140;350;369
282.768167;354;140;350;369
282.799712;354;140;350;369
282.835669;354;140;350;369
282.868102;354;140;350;369
282.899686;354;140;350;369
282.933118;354;140;350;369
282.968213;354;140;350;369
283.002571;354;140;350;369
283.031857;354;140;350;369
283.075376;354;140;350;369
283.099652;354;140;350;369
283.133093;354;140;350;369
283.167694;354;140;350;369
283.201191;353;140;350;369
283.233662;354;140;350;369
283.267830;354;140;350;369
283.300791;354;140;350;369
283.331830;354;140;350;369
283.368460;354;140;350;369
283.399693;354;140;350;369
283.434520;354;140;350;369
283.463813;354;140;350;369
283.502804;354;140;350;369
283.534376;354;140;350;369
283.563855;354;140;350;369
283.600521;354;140;350;369
283.631676;354;140;350;369
283.665083;354;140;350;369
283.699938;354;140;350;369
283.732719;354;140;350;369
283.763574;354;140;350;369
283.812139;354;140;350;369
283.831625;354;140;350;369
283.866017;353;140;350;369
283.900448;354;140;350;369
283.934749;354;140;350;369
283.964142;354;140;350;369
283.999780;354;140;350;369
284.031634;353;140;350;369
284.063661;354;140;350;369
284.096170;354;140;350;369
284.131583;354;140;350;369
284.169383;354;140;350;369
284.196044;354;140;350;369
284.233125;354;140;350;369
284.263624;354;140;350;369
284.295802;354;140;350;369
284.332372;354;140;350;370
284.364522;354;140;350;369
284.397537;354;140;350;369
284.431599;354;140;350;369
284.464040;354;140;350;370
284.496863;354;140;350;370
284.536207;354;140;350;370
284.563840;354;140;350;370
284.597359;354;140;350;369
284.627819;354;140;350;370
284.663665;354;140;350;370
284.696134;354;140;350;369
284.727797;354;140;350;369
284.763681;354;140;350;369
284.795679;353;140;350;369
284.830079;354;140;350;369
284.863735;353;140;350;369
284.895819;353;140;350;369
284.928107;353;140;350;369
284.963785;353;140;350;369
284.995842;353;140;350;369
285.027804;353;140;350;369
285.063699;354;140;350;369
285.095631;353;140;350;369
285.128799;353;140;350;369
285.159824;354;140;350;369
285.196468;354;140;350;369
285.227856;353;140;350;369
285.260924;354;140;350;369
285.295676;354;140;350;369
285.328517;354;140;350;369
285.359651;354;140;350;369
285.396221;354;140;350;369
285.427936;354;140;350;369
285.459793;354;140;350;369
285.495734;354;140;350;369
285.527684;354;140;350;369
285.560704;354;140;350;369
285.595770;354;140;350;369
285.628343;354;140;350;369
285.659980;353;140;350;369
285.696374;353;140;350;369
285.728126;354;140;350;369
285.760373;354;140;350;369
285.792043;354;140;350;369
285.827726;354;140;350;369
285.859744;354;140;350;369
285.891706;353;140;350;369
285.928604;354;140;350;369
285.960529;353;140;350;369
285.992051;353;140;350;369
286.027772;354;140;350;369
286.060628;353;140;350;369
286.091784;353;140;350;369
286.127677;354;140;350;369
286.159685;354;140;350;369
286.200267;354;140;350;369
286.227788;354;140;350;369
286.261736;354;140;350;369
286.291693;354;140;350;369
286.323686;353;140;350;369
286.359834;353;140;350;369
286.391802;353;140;350;369
286.424464;354;140;350;369
286.459651;354;140;350;369
286.492305;354;140;350;369
286.525214;354;140;350;369
286.559711;354;140;350;369
286.593384;354;140;350;369
286.623922;353;140;350;369
286.659595;354;140;350;369
286.691623;354;140;350;369
286.723690;353;140;350;369
286.759620;353;140;350;369
286.796005;354;140;350;369
286.823794;354;140;350;369
286.855715;354;140;350;369
286.891852;354;140;350;369
286.923823;354;140;350;369
286.957387;353;140;350;369
286.991701;353;140;350;369
287.023907;353;140;350;369
287.055843;353;140;350;369
287.091594;353;140;350;369
287.123601;354;140;350;369
287.156321;354;140;350;369
287.191582;353;140;350;369
287.224156;353;140;350;369
287.256020;353;140;350;369
287.291629;354;140;350;370
287.323647;354;140;350;370
287.355710;354;140;350;369
287.392468;354;140;350;369
287.423783;354;140;350;369
287.455751;354;140;350;369
287.487625;354;140;350;369
287.525853;354;140;350;369
287.555730;354;140;350;369
287.589288;354;140;350;369
287.624304;354;140;350;369
287.655738;354;140;350;369
287.687731;354;140;350;369
287.723987;354;140;350;369
287.756384;354;140;350;370
287.787944;354;140;350;369
287.824339;354;140;350;369
287.855699;354;140;350;369
287.893504;354;140;350;369
287.921872;354;140;350;369
287.953656;354;140;350;369
287.989783;354;140;350;369
288.021569;354;140;350;369
288.053575;354;140;350;369
288.091746;354;140;350;369
288.116771;354;140;350;369
288.154913;353;140;350;369
288.186673;353;140;350;370
288.222686;353;140;350;370
288.256081;354;140;350;369
288.286609;353;140;350;369
288.323685;353;140;350;369
288.355146;354;140;350;369
288.388691;354;140;350;369
288.419257;354;140;350;369
288.456547;354;140;350;369
288.486715;354;140;350;369
288.518963;354;140;350;369
288.556346;354;140;350;369
288.586768;354;140;350;369
288.619441;354;140;350;369
288.654832;354;140;350;369
288.689524;354;140;350;369
288.718682;354;140;350;369
288.754767;354;140;350;369
288.786646;354;140;350;369
288.820266;354;140;350;369
288.849815;354;140;350;369
288.884827;353;140;350;369
288.920644;353;140;350;369
288.952657;353;140;350;369
288.985550;353;140;350;369
289.020593;354;140;350;369
289.053311;354;140;350;369
289.084716;354;140;350;369
289.120718;354;140;350;369
289.152604;354;140;350;369
289.185029;354;140;350;369
289.220841;354;140;350;369
289.253921;354;140;350;369
289.284664;354;140;350;369
289.318551;354;140;350;369
289.352944;354;140;350;369
289.385239;354;140;350;369
289.416669;354;140;350;369
289.452867;354;140;350;369
289.484755;354;140;350;369
289.516930;354;140;350;369
289.553607;354;140;350;369
289.584816;354;140;350;369
289.616838;354;140;350;369
289.652864;353;140;350;369
289.687116;354;140;350;369
289.716941;354;140;350;369
289.752815;354;140;350;369
289.779725;354;140;350;369
289.815662;354;140;350;369
289.858811;353;140;350;369
289.860919;354;140;350;369
289.917652;353;140;350;369
289.948655;353;140;350;369
289.984824;354;140;350;369
290.016642;354;140;350;369
290.048619;354;140;350;369
290.085285;353;140;350;369
290.116553;353;140;350;369
290.148759;354;140;350;369
290.184795;354;140;350;369
290.217539;354;140;350;369
290.248603;354;140;350;369
290.286074;354;140;350;369
290.316828;354;140;350;369
290.350769;354;140;350;369
290.380932;354;140;350;369
290.416646;354;140;350;369
290.448789;354;140;350;369
290.480659;354;140;350;369
290.516634;354;140;350;369
290.548725;354;140;350;369
290.580919;354;140;350;369
290.616835;354;140;350;369
290.653996;354;140;350;369
290.680787;354;140;350;369
290.716624;354;140;350;369
290.748961;354;140;350;369
290.782773;353;140;350;369
290.816788;354;140;350;369
290.848701;353;140;350;369
290.880784;354;140;350;369
290.917695;354;140;350;369
290.948710;354;140;350;369
290.980722;354;140;350;369
291.013299;353;140;350;369
291.049073;354;140;350;369
291.081672;354;140;350;369
291.113077;354;140;350;370
291.149718;354;140;350;369
291.180698;354;140;350;369
291.213260;354;140;350;369
291.248854;354;140;350;369
291.282915;354;140;350;369
291.312756;354;140;350;369
291.349045;354;140;350;369
291.380742;354;140;350;369
291.412831;354;140;350;370
291.448910;354;140;350;369
291.480969;354;140;350;369
291.513259;354;140;350;369
291.544682;354;140;350;369
291.582359;354;140;350;369
291.612936;354;140;350;369
291.646770;354;140;350;369
291.680756;354;140;350;369
291.713794;354;140;350;369
291.744652;354;140;350;369
291.780939;354;140;350;369
291.812644;354;140;350;369
291.844670;354;140;350;369
291.880620;354;140;350;369
291.913256;354;140;350;369
291.945576;354;140;350;369
291.980723;354;140;350;369
292.024601;354;140;350;369
292.025246;354;140;350;369
292.082000;354;140;350;369
292.112855;354;140;350;369
292.146067;352;140;350;369
292.177211;354;140;350;369
292.212788;354;140;350;369
292.244718;354;140;350;369
292.276777;353;140;350;369
292.312696;354;140;350;369
292.344655;354;140;350;369
292.378747;354;140;350;369
292.412675;354;140;350;369
292.445207;354;140;350;369
292.476830;354;140;350;369
292.514479;354;140;350;369
292.544765;354;140;350;369
292.576910;354;140;350;369
292.612684;354;140;350;369
292.646118;354;140;350;369
292.676590;354;140;350;369
292.711628;354;140;350;369
292.744825;354;140;350;369
292.776765;354;140;350;369
292.810017;354;140;350;369
292.844568;354;140;350;369
292.876980;354;140;350;369
292.909109;354;140;350;369
292.944607;354;140;350;369
292.976653;354;140;350;369
293.009335;354;140;350;369
293.044754;354;140;350;369
293.078261;354;140;350;369
293.108882;354;140;350;369
293.144682;354;140;350;369
293.176743;354;140;350;369
293.208632;354;140;350;369
293.240905;354;140;350;369
293.276719;354;140;350;369
293.309566;354;140;350;369
293.340638;354;140;350;369
293.377777;354;140;350;369
293.409372;354;140;350;369
293.440675;354;140;350;369
293.476565;354;140;350;369
293.508834;354;140;350;369
293.541183;354;140;350;369
293.577296;354;140;350;369
293.608612;354;140;350;369
293.643298;354;140;350;369
293.676601;354;140;350;369
293.709367;354;140;350;369
293.741701;354;140;350;369
293.773578;354;140;350;369
293.808845;354;140;350;369
293.841020;354;140;350;369
293.872609;354;140;350;369
293.909284;354;140;350;369
293.939899;354;140;350;369
293.976536;353;140;350;369
294.010296;354;140;350;369
294.039872;354;140;350;370
294.076005;353;140;350;369
294.107855;354;140;350;369
294.139642;354;140;350;369
294.175868;354;140;350;369
294.207700;354;140;350;369
294.240747;354;140;350;370
294.271756;354;140;350;369
294.308125;354;140;350;369
294.339669;354;140;350;369
294.373941;354;140;350;369
294.407827;354;140;350;369
294.440122;354;140;350;369
294.471916;354;140;350;369
294.507785;354;140;350;369
294.539780;354;140;350;369
294.571766;354;140;350;369
294.607837;354;140;350;369
294.639658;354;140;350;369
294.671775;354;140;350;369
294.707618;354;140;350;369
294.740504;354;140;350;369
294.771772;354;140;350;369
294.803842;354;140;350;369
294.839736;354;140;350;369
294.872184;354;140;350;369
294.903733;354;140;350;369
294.939757;354;140;350;369
294.971632;354;140;350;369
295.005480;354;140;350;369
295.040833;354;140;350;369
295.071757;354;140;350;369
295.103609;354;140;350;369
295.140934;354;140;350;369
295.171886;354;140;350;369
295.203763;354;140;350;369
295.240709;354;140;350;369
295.271579;354;140;350;369
295.303650;354;140;350;369
295.335632;354;140;350;369
295.372874;354;140;350;369
295.403683;354;140;350;369
295.436750;354;140;350;369
295.472014;354;140;350;369
295.503851;354;140;350;369
295.535698;354;140;350;369
295.572886;354;140;350;369
295.603825;354;140;350;369
295.637611;354;140;350;369
295.671742;354;140;350;369
295.705779;354;140;350;369
295.736597;354;140;350;369
295.773107;354;140;350;369
295.803880;354;140;350;369
295.835794;354;140;350;369
295.871850;354;140;350;369
295.903590;354;140;350;369
295.935636;354;140;350;369
295.967622;353;140;350;369
296.004436;354;140;350;369
296.035742;353;140;350;369
296.067643;353;140;350;369
296.104533;354;140;350;369
296.137713;354;140;350;369
296.167654;354;140;350;369
296.203879;354;140;350;369
296.235829;354;140;350;369
296.277337;354;140;350;369
296.303758;354;140;350;369
296.335693;354;140;350;369
296.367639;354;140;350;369
296.406798;354;140;350;369
296.435723;354;140;350;369
296.467864;354;140;350;369
296.497162;354;140;350;369
296.536807;354;140;350;369
296.569611;353;140;350;369
296.600913;353;140;350;369
296.633711;354;140;350;369
296.668684;353;140;350;369
296.701361;352;140;350;369
296.733132;353;140;350;369
296.769491;352;140;350;369
296.800597;354;140;350;369
296.832602;354;140;350;369
296.869221;353;140;350;369
296.907078;353;140;350;369
296.935082;353;140;350;370
296.968638;354;140;350;369
297.000920;354;140;350;369
297.033105;354;140;350;369
297.068742;354;140;350;369
297.100821;354;140;350;369
297.132894;354;140;350;369
297.168848;354;140;350;369
297.200840;354;140;350;369
297.232649;354;140;350;369
297.266313;354;140;350;369
297.300731;354;140;350;369
297.333874;354;140;350;369
297.364625;354;140;350;369
297.404644;354;140;350;369
297.433798;354;140;350;369
297.464601;354;140;350;369
297.500990;354;140;350;369
297.532667;354;140;350;369
297.564670;354;140;350;369
297.600796;354;140;350;369
297.634010;354;140;350;369
297.664705;354;140;350;369
297.700802;354;140;350;369
297.733177;354;140;350;369
297.765223;354;140;350;369
297.796698;354;140;350;369
297.832526;354;140;350;369
297.864616;354;140;350;369
297.897168;354;140;350;369
297.932949;354;140;350;369
297.967246;354;140;350;369
297.996676;354;140;350;369
298.033607;354;140;350;369
298.066729;354;140;350;369
298.099272;354;140;350;369
298.132782;354;140;350;369
298.164831;354;140;350;369
298.197000;354;140;350;369
298.232793;354;140;350;369
298.266260;354;140;350;369
298.296695;354;140;350;369
298.332233;353;140;350;369
298.364693;354;140;350;369
298.396728;354;140;350;369
298.428685;354;140;350;369
298.464739;354;140;350;369
298.496774;353;140;350;369
298.531476;353;140;350;369
298.564694;353;140;350;369
298.596680;353;140;350;369
298.631995;354;140;350;369
298.663707;354;140;350;369
298.699080;354;140;350;369
298.727723;354;140;350;369
298.764974;354;140;350;369
298.795799;354;140;350;369
298.830273;353;140;350;369
298.863873;352;140;350;369
298.902887;353;140;350;369
298.907157;354;140;350;369
298.963479;353;140;350;369
298.997899;354;140;350;369
299.029816;353;140;350;369
299.065287;354;140;350;369
299.094137;353;140;350;369
299.130613;354;140;350;369
299.161845;354;140;350;369
299.205615;354;140;350;369
299.207995;353;140;350;369
299.266682;354;140;350;370
299.295866;352;140;350;369
299.327634;354;140;350;369
299.363102;353;140;350;369
299.396085;353;140;350;369
299.429149;354;140;350;369
299.459899;353;140;350;369
299.495537;353;140;350;369
299.529553;353;140;350;369
299.567223;354;140;350;369
299.593655;354;140;350;369
299.629707;353;140;350;369
299.707448;354;140;350;369
299.707802;354;140;350;369
299.708812;354;140;350;369
299.764728;353;140;350;369
299.795750;353;140;350;369
299.828451;353;140;350;369
299.860923;353;140;350;369
299.892647;353;140;350;369
299.932161;353;140;350;369
299.960496;353;140;350;369
299.996693;353;140;350;369
300.027757;354;140;350;369
300.062986;354;140;350;369
300.093341;354;140;350;369
300.131754;354;140;350;369
300.160510;354;140;350;369
300.192230;354;140;350;369
300.228232;354;140;350;369
300.259956;354;140;350;369
300.293088;354;140;350;369
300.327931;354;140;350;369
300.360605;354;140;350;369
